[2026-05-15 19:00:01] === MONITOR LOCAL INICIO 2026-05-15 1900 ===
[2026-05-15 19:00:01] SKIP: fuera de horario (1900)
[2026-05-15 19:05:01] === MONITOR LOCAL INICIO 2026-05-15 1905 ===
[2026-05-15 19:05:01] SKIP: fuera de horario (1905)
[2026-05-15 19:10:01] === MONITOR LOCAL INICIO 2026-05-15 1910 ===
[2026-05-15 19:10:01] SKIP: fuera de horario (1910)
[2026-05-15 19:15:01] === MONITOR LOCAL INICIO 2026-05-15 1915 ===
[2026-05-15 19:15:01] SKIP: fuera de horario (1915)
[2026-05-15 19:20:01] === MONITOR LOCAL INICIO 2026-05-15 1920 ===
[2026-05-15 19:20:01] SKIP: fuera de horario (1920)
[2026-05-15 19:25:01] === MONITOR LOCAL INICIO 2026-05-15 1925 ===
[2026-05-15 19:25:01] SKIP: fuera de horario (1925)
[2026-05-15 19:30:01] === MONITOR LOCAL INICIO 2026-05-15 1930 ===
[2026-05-15 19:30:01] SKIP: fuera de horario (1930)
[2026-05-15 19:35:01] === MONITOR LOCAL INICIO 2026-05-15 1935 ===
[2026-05-15 19:35:01] SKIP: fuera de horario (1935)
[2026-05-15 19:40:01] === MONITOR LOCAL INICIO 2026-05-15 1940 ===
[2026-05-15 19:40:01] SKIP: fuera de horario (1940)
[2026-05-15 19:45:01] === MONITOR LOCAL INICIO 2026-05-15 1945 ===
[2026-05-15 19:45:01] SKIP: fuera de horario (1945)
[2026-05-15 19:50:01] === MONITOR LOCAL INICIO 2026-05-15 1950 ===
[2026-05-15 19:50:01] SKIP: fuera de horario (1950)
[2026-05-15 19:55:01] === MONITOR LOCAL INICIO 2026-05-15 1955 ===
[2026-05-15 19:55:01] SKIP: fuera de horario (1955)
[2026-05-15 20:00:01] === MONITOR LOCAL INICIO 2026-05-15 2000 ===
[2026-05-15 20:00:01] SKIP: fuera de horario (2000)
[2026-05-15 20:05:01] === MONITOR LOCAL INICIO 2026-05-15 2005 ===
[2026-05-15 20:05:01] SKIP: fuera de horario (2005)
[2026-05-15 20:10:01] === MONITOR LOCAL INICIO 2026-05-15 2010 ===
[2026-05-15 20:10:01] SKIP: fuera de horario (2010)
[2026-05-15 20:15:01] === MONITOR LOCAL INICIO 2026-05-15 2015 ===
[2026-05-15 20:15:01] SKIP: fuera de horario (2015)
[2026-05-15 20:20:01] === MONITOR LOCAL INICIO 2026-05-15 2020 ===
[2026-05-15 20:20:01] SKIP: fuera de horario (2020)
[2026-05-15 20:25:01] === MONITOR LOCAL INICIO 2026-05-15 2025 ===
[2026-05-15 20:25:01] SKIP: fuera de horario (2025)
[2026-05-15 20:30:01] === MONITOR LOCAL INICIO 2026-05-15 2030 ===
[2026-05-15 20:30:01] SKIP: fuera de horario (2030)
[2026-05-15 20:35:01] === MONITOR LOCAL INICIO 2026-05-15 2035 ===
[2026-05-15 20:35:01] SKIP: fuera de horario (2035)
[2026-05-15 20:40:01] === MONITOR LOCAL INICIO 2026-05-15 2040 ===
[2026-05-15 20:40:01] SKIP: fuera de horario (2040)
[2026-05-15 20:45:01] === MONITOR LOCAL INICIO 2026-05-15 2045 ===
[2026-05-15 20:45:01] SKIP: fuera de horario (2045)
[2026-05-15 20:50:01] === MONITOR LOCAL INICIO 2026-05-15 2050 ===
[2026-05-15 20:50:01] SKIP: fuera de horario (2050)
[2026-05-15 20:55:01] === MONITOR LOCAL INICIO 2026-05-15 2055 ===
[2026-05-15 20:55:01] SKIP: fuera de horario (2055)
[2026-05-17 21:00:00] === MONITOR LOCAL INICIO 2026-05-17 2100 ===
[2026-05-17 21:00:00] SKIP: finde
[2026-05-17 21:05:00] === MONITOR LOCAL INICIO 2026-05-17 2105 ===
[2026-05-17 21:05:00] SKIP: finde
[2026-05-17 21:10:01] === MONITOR LOCAL INICIO 2026-05-17 2110 ===
[2026-05-17 21:10:01] SKIP: finde
[2026-05-17 21:15:00] === MONITOR LOCAL INICIO 2026-05-17 2115 ===
[2026-05-17 21:15:00] SKIP: finde
[2026-05-17 21:20:01] === MONITOR LOCAL INICIO 2026-05-17 2120 ===
[2026-05-17 21:20:01] SKIP: finde
[2026-05-17 21:25:01] === MONITOR LOCAL INICIO 2026-05-17 2125 ===
[2026-05-17 21:25:01] SKIP: finde
[2026-05-17 21:30:01] === MONITOR LOCAL INICIO 2026-05-17 2130 ===
[2026-05-17 21:30:01] SKIP: finde
[2026-05-17 21:35:00] === MONITOR LOCAL INICIO 2026-05-17 2135 ===
[2026-05-17 21:35:00] SKIP: finde
[2026-05-17 21:40:01] === MONITOR LOCAL INICIO 2026-05-17 2140 ===
[2026-05-17 21:40:01] SKIP: finde
[2026-05-17 21:45:00] === MONITOR LOCAL INICIO 2026-05-17 2145 ===
[2026-05-17 21:45:00] SKIP: finde
[2026-05-17 21:50:00] === MONITOR LOCAL INICIO 2026-05-17 2150 ===
[2026-05-17 21:50:00] SKIP: finde
[2026-05-17 21:55:00] === MONITOR LOCAL INICIO 2026-05-17 2155 ===
[2026-05-17 21:55:00] SKIP: finde
[2026-05-17 22:00:00] === MONITOR LOCAL INICIO 2026-05-17 2200 ===
[2026-05-17 22:00:00] SKIP: finde
[2026-05-17 22:05:00] === MONITOR LOCAL INICIO 2026-05-17 2205 ===
[2026-05-17 22:05:00] SKIP: finde
[2026-05-17 22:10:00] === MONITOR LOCAL INICIO 2026-05-17 2210 ===
[2026-05-17 22:10:00] SKIP: finde
[2026-05-17 22:25:01] === MONITOR LOCAL INICIO 2026-05-17 2225 ===
[2026-05-17 22:25:01] SKIP: finde
[2026-05-17 22:30:02] === MONITOR LOCAL INICIO 2026-05-17 2230 ===
[2026-05-17 22:30:02] SKIP: finde
[2026-05-17 22:35:01] === MONITOR LOCAL INICIO 2026-05-17 2235 ===
[2026-05-17 22:35:01] SKIP: finde
[2026-05-17 22:40:01] === MONITOR LOCAL INICIO 2026-05-17 2240 ===
[2026-05-17 22:40:01] SKIP: finde
[2026-05-17 22:45:00] === MONITOR LOCAL INICIO 2026-05-17 2245 ===
[2026-05-17 22:45:00] SKIP: finde
[2026-05-17 22:50:00] === MONITOR LOCAL INICIO 2026-05-17 2250 ===
[2026-05-17 22:50:00] SKIP: finde
[2026-05-17 22:55:00] === MONITOR LOCAL INICIO 2026-05-17 2255 ===
[2026-05-17 22:55:00] SKIP: finde
[2026-05-17 23:00:00] === MONITOR LOCAL INICIO 2026-05-17 2300 ===
[2026-05-17 23:00:00] SKIP: finde
[2026-05-17 23:05:00] === MONITOR LOCAL INICIO 2026-05-17 2305 ===
[2026-05-17 23:05:00] SKIP: finde
[2026-05-17 23:10:00] === MONITOR LOCAL INICIO 2026-05-17 2310 ===
[2026-05-17 23:10:00] SKIP: finde
[2026-05-17 23:15:00] === MONITOR LOCAL INICIO 2026-05-17 2315 ===
[2026-05-17 23:15:00] SKIP: finde
[2026-05-17 23:20:00] === MONITOR LOCAL INICIO 2026-05-17 2320 ===
[2026-05-17 23:20:00] SKIP: finde
[2026-05-17 23:25:00] === MONITOR LOCAL INICIO 2026-05-17 2325 ===
[2026-05-17 23:25:00] SKIP: finde
[2026-05-17 23:30:01] === MONITOR LOCAL INICIO 2026-05-17 2330 ===
[2026-05-17 23:30:01] SKIP: finde
[2026-05-17 23:35:01] === MONITOR LOCAL INICIO 2026-05-17 2335 ===
[2026-05-17 23:35:01] SKIP: finde
[2026-05-17 23:40:01] === MONITOR LOCAL INICIO 2026-05-17 2340 ===
[2026-05-17 23:40:01] SKIP: finde
[2026-05-17 23:45:00] === MONITOR LOCAL INICIO 2026-05-17 2345 ===
[2026-05-17 23:45:00] SKIP: finde
[2026-05-17 23:50:00] === MONITOR LOCAL INICIO 2026-05-17 2350 ===
[2026-05-17 23:50:00] SKIP: finde
[2026-05-17 23:55:00] === MONITOR LOCAL INICIO 2026-05-17 2355 ===
[2026-05-17 23:55:00] SKIP: finde
[2026-05-18 00:00:01] === MONITOR LOCAL INICIO 2026-05-18 0000 ===
[2026-05-18 00:00:01] SKIP: fuera de horario (0000)
[2026-05-18 00:05:01] === MONITOR LOCAL INICIO 2026-05-18 0005 ===
[2026-05-18 00:05:01] SKIP: fuera de horario (0005)
[2026-05-18 00:10:01] === MONITOR LOCAL INICIO 2026-05-18 0010 ===
[2026-05-18 00:10:01] SKIP: fuera de horario (0010)
[2026-05-18 00:15:01] === MONITOR LOCAL INICIO 2026-05-18 0015 ===
[2026-05-18 00:15:01] SKIP: fuera de horario (0015)
[2026-05-18 00:20:01] === MONITOR LOCAL INICIO 2026-05-18 0020 ===
[2026-05-18 00:20:01] SKIP: fuera de horario (0020)
[2026-05-18 00:25:01] === MONITOR LOCAL INICIO 2026-05-18 0025 ===
[2026-05-18 00:25:01] SKIP: fuera de horario (0025)
[2026-05-18 00:30:01] === MONITOR LOCAL INICIO 2026-05-18 0030 ===
[2026-05-18 00:30:01] SKIP: fuera de horario (0030)
[2026-05-18 00:35:01] === MONITOR LOCAL INICIO 2026-05-18 0035 ===
[2026-05-18 00:35:01] SKIP: fuera de horario (0035)
[2026-05-18 00:40:01] === MONITOR LOCAL INICIO 2026-05-18 0040 ===
[2026-05-18 00:40:01] SKIP: fuera de horario (0040)
[2026-05-18 00:45:01] === MONITOR LOCAL INICIO 2026-05-18 0045 ===
[2026-05-18 00:45:01] SKIP: fuera de horario (0045)
[2026-05-18 00:50:01] === MONITOR LOCAL INICIO 2026-05-18 0050 ===
[2026-05-18 00:50:01] SKIP: fuera de horario (0050)
[2026-05-18 00:55:01] === MONITOR LOCAL INICIO 2026-05-18 0055 ===
[2026-05-18 00:55:01] SKIP: fuera de horario (0055)
[2026-05-18 01:00:01] === MONITOR LOCAL INICIO 2026-05-18 0100 ===
[2026-05-18 01:00:01] SKIP: fuera de horario (0100)
[2026-05-18 01:05:01] === MONITOR LOCAL INICIO 2026-05-18 0105 ===
[2026-05-18 01:05:01] SKIP: fuera de horario (0105)
[2026-05-18 01:10:01] === MONITOR LOCAL INICIO 2026-05-18 0110 ===
[2026-05-18 01:10:01] SKIP: fuera de horario (0110)
[2026-05-18 01:15:01] === MONITOR LOCAL INICIO 2026-05-18 0115 ===
[2026-05-18 01:15:01] SKIP: fuera de horario (0115)
[2026-05-18 01:20:01] === MONITOR LOCAL INICIO 2026-05-18 0120 ===
[2026-05-18 01:20:01] SKIP: fuera de horario (0120)
[2026-05-18 01:25:01] === MONITOR LOCAL INICIO 2026-05-18 0125 ===
[2026-05-18 01:25:01] SKIP: fuera de horario (0125)
[2026-05-18 01:30:01] === MONITOR LOCAL INICIO 2026-05-18 0130 ===
[2026-05-18 01:30:01] SKIP: fuera de horario (0130)
[2026-05-18 01:35:01] === MONITOR LOCAL INICIO 2026-05-18 0135 ===
[2026-05-18 01:35:01] SKIP: fuera de horario (0135)
[2026-05-18 01:40:01] === MONITOR LOCAL INICIO 2026-05-18 0140 ===
[2026-05-18 01:40:01] SKIP: fuera de horario (0140)
[2026-05-18 01:45:01] === MONITOR LOCAL INICIO 2026-05-18 0145 ===
[2026-05-18 01:45:01] SKIP: fuera de horario (0145)
[2026-05-18 01:50:01] === MONITOR LOCAL INICIO 2026-05-18 0150 ===
[2026-05-18 01:50:01] SKIP: fuera de horario (0150)
[2026-05-18 01:55:01] === MONITOR LOCAL INICIO 2026-05-18 0155 ===
[2026-05-18 01:55:01] SKIP: fuera de horario (0155)
[2026-05-18 02:00:01] === MONITOR LOCAL INICIO 2026-05-18 0200 ===
[2026-05-18 02:00:01] SKIP: fuera de horario (0200)
[2026-05-18 02:05:01] === MONITOR LOCAL INICIO 2026-05-18 0205 ===
[2026-05-18 02:05:01] SKIP: fuera de horario (0205)
[2026-05-18 02:10:01] === MONITOR LOCAL INICIO 2026-05-18 0210 ===
[2026-05-18 02:10:01] SKIP: fuera de horario (0210)
[2026-05-18 02:15:01] === MONITOR LOCAL INICIO 2026-05-18 0215 ===
[2026-05-18 02:15:01] SKIP: fuera de horario (0215)
[2026-05-18 02:20:01] === MONITOR LOCAL INICIO 2026-05-18 0220 ===
[2026-05-18 02:20:01] SKIP: fuera de horario (0220)
[2026-05-18 02:25:01] === MONITOR LOCAL INICIO 2026-05-18 0225 ===
[2026-05-18 02:25:01] SKIP: fuera de horario (0225)
[2026-05-18 02:30:01] === MONITOR LOCAL INICIO 2026-05-18 0230 ===
[2026-05-18 02:30:01] SKIP: fuera de horario (0230)
[2026-05-18 02:35:01] === MONITOR LOCAL INICIO 2026-05-18 0235 ===
[2026-05-18 02:35:01] SKIP: fuera de horario (0235)
[2026-05-18 02:40:01] === MONITOR LOCAL INICIO 2026-05-18 0240 ===
[2026-05-18 02:40:01] SKIP: fuera de horario (0240)
[2026-05-18 02:45:01] === MONITOR LOCAL INICIO 2026-05-18 0245 ===
[2026-05-18 02:45:02] SKIP: fuera de horario (0245)
[2026-05-18 02:50:01] === MONITOR LOCAL INICIO 2026-05-18 0250 ===
[2026-05-18 02:50:01] SKIP: fuera de horario (0250)
[2026-05-18 02:55:01] === MONITOR LOCAL INICIO 2026-05-18 0255 ===
[2026-05-18 02:55:01] SKIP: fuera de horario (0255)
[2026-05-18 03:00:01] === MONITOR LOCAL INICIO 2026-05-18 0300 ===
[2026-05-18 03:00:01] SKIP: fuera de horario (0300)
[2026-05-18 03:05:01] === MONITOR LOCAL INICIO 2026-05-18 0305 ===
[2026-05-18 03:05:01] SKIP: fuera de horario (0305)
[2026-05-18 03:10:01] === MONITOR LOCAL INICIO 2026-05-18 0310 ===
[2026-05-18 03:10:01] SKIP: fuera de horario (0310)
[2026-05-18 03:15:01] === MONITOR LOCAL INICIO 2026-05-18 0315 ===
[2026-05-18 03:15:01] SKIP: fuera de horario (0315)
[2026-05-18 03:20:01] === MONITOR LOCAL INICIO 2026-05-18 0320 ===
[2026-05-18 03:20:01] SKIP: fuera de horario (0320)
[2026-05-18 03:25:01] === MONITOR LOCAL INICIO 2026-05-18 0325 ===
[2026-05-18 03:25:01] SKIP: fuera de horario (0325)
[2026-05-18 03:30:01] === MONITOR LOCAL INICIO 2026-05-18 0330 ===
[2026-05-18 03:30:01] SKIP: fuera de horario (0330)
[2026-05-18 03:35:01] === MONITOR LOCAL INICIO 2026-05-18 0335 ===
[2026-05-18 03:35:01] SKIP: fuera de horario (0335)
[2026-05-18 03:40:01] === MONITOR LOCAL INICIO 2026-05-18 0340 ===
[2026-05-18 03:40:01] SKIP: fuera de horario (0340)
[2026-05-18 03:45:01] === MONITOR LOCAL INICIO 2026-05-18 0345 ===
[2026-05-18 03:45:01] SKIP: fuera de horario (0345)
[2026-05-18 03:50:01] === MONITOR LOCAL INICIO 2026-05-18 0350 ===
[2026-05-18 03:50:01] SKIP: fuera de horario (0350)
[2026-05-18 03:55:01] === MONITOR LOCAL INICIO 2026-05-18 0355 ===
[2026-05-18 03:55:01] SKIP: fuera de horario (0355)
[2026-05-18 04:00:01] === MONITOR LOCAL INICIO 2026-05-18 0400 ===
[2026-05-18 04:00:01] SKIP: fuera de horario (0400)
[2026-05-18 04:05:01] === MONITOR LOCAL INICIO 2026-05-18 0405 ===
[2026-05-18 04:05:01] SKIP: fuera de horario (0405)
[2026-05-18 04:10:01] === MONITOR LOCAL INICIO 2026-05-18 0410 ===
[2026-05-18 04:10:01] SKIP: fuera de horario (0410)
[2026-05-18 04:15:01] === MONITOR LOCAL INICIO 2026-05-18 0415 ===
[2026-05-18 04:15:01] SKIP: fuera de horario (0415)
[2026-05-18 04:20:01] === MONITOR LOCAL INICIO 2026-05-18 0420 ===
[2026-05-18 04:20:01] SKIP: fuera de horario (0420)
[2026-05-18 04:25:01] === MONITOR LOCAL INICIO 2026-05-18 0425 ===
[2026-05-18 04:25:01] SKIP: fuera de horario (0425)
[2026-05-18 04:30:01] === MONITOR LOCAL INICIO 2026-05-18 0430 ===
[2026-05-18 04:30:01] SKIP: fuera de horario (0430)
[2026-05-18 04:35:01] === MONITOR LOCAL INICIO 2026-05-18 0435 ===
[2026-05-18 04:35:01] SKIP: fuera de horario (0435)
[2026-05-18 04:40:01] === MONITOR LOCAL INICIO 2026-05-18 0440 ===
[2026-05-18 04:40:01] SKIP: fuera de horario (0440)
[2026-05-18 04:45:01] === MONITOR LOCAL INICIO 2026-05-18 0445 ===
[2026-05-18 04:45:01] SKIP: fuera de horario (0445)
[2026-05-18 04:50:01] === MONITOR LOCAL INICIO 2026-05-18 0450 ===
[2026-05-18 04:50:01] SKIP: fuera de horario (0450)
[2026-05-18 04:55:01] === MONITOR LOCAL INICIO 2026-05-18 0455 ===
[2026-05-18 04:55:01] SKIP: fuera de horario (0455)
[2026-05-18 05:00:01] === MONITOR LOCAL INICIO 2026-05-18 0500 ===
[2026-05-18 05:00:01] SKIP: fuera de horario (0500)
[2026-05-18 05:05:01] === MONITOR LOCAL INICIO 2026-05-18 0505 ===
[2026-05-18 05:05:01] SKIP: fuera de horario (0505)
[2026-05-18 05:10:01] === MONITOR LOCAL INICIO 2026-05-18 0510 ===
[2026-05-18 05:10:01] SKIP: fuera de horario (0510)
[2026-05-18 05:15:01] === MONITOR LOCAL INICIO 2026-05-18 0515 ===
[2026-05-18 05:15:02] SKIP: fuera de horario (0515)
[2026-05-18 05:20:01] === MONITOR LOCAL INICIO 2026-05-18 0520 ===
[2026-05-18 05:20:01] SKIP: fuera de horario (0520)
[2026-05-18 05:25:01] === MONITOR LOCAL INICIO 2026-05-18 0525 ===
[2026-05-18 05:25:01] SKIP: fuera de horario (0525)
[2026-05-18 05:30:01] === MONITOR LOCAL INICIO 2026-05-18 0530 ===
[2026-05-18 05:30:01] SKIP: fuera de horario (0530)
[2026-05-18 05:35:01] === MONITOR LOCAL INICIO 2026-05-18 0535 ===
[2026-05-18 05:35:01] SKIP: fuera de horario (0535)
[2026-05-18 05:40:01] === MONITOR LOCAL INICIO 2026-05-18 0540 ===
[2026-05-18 05:40:01] SKIP: fuera de horario (0540)
[2026-05-18 05:45:01] === MONITOR LOCAL INICIO 2026-05-18 0545 ===
[2026-05-18 05:45:01] SKIP: fuera de horario (0545)
[2026-05-18 05:50:01] === MONITOR LOCAL INICIO 2026-05-18 0550 ===
[2026-05-18 05:50:01] SKIP: fuera de horario (0550)
[2026-05-18 05:55:02] === MONITOR LOCAL INICIO 2026-05-18 0555 ===
[2026-05-18 05:55:02] SKIP: fuera de horario (0555)
[2026-05-18 06:00:01] === MONITOR LOCAL INICIO 2026-05-18 0600 ===
[2026-05-18 06:00:01] SKIP: fuera de horario (0600)
[2026-05-18 06:05:01] === MONITOR LOCAL INICIO 2026-05-18 0605 ===
[2026-05-18 06:05:01] SKIP: fuera de horario (0605)
[2026-05-18 06:10:01] === MONITOR LOCAL INICIO 2026-05-18 0610 ===
[2026-05-18 06:10:01] SKIP: fuera de horario (0610)
[2026-05-18 06:15:01] === MONITOR LOCAL INICIO 2026-05-18 0615 ===
[2026-05-18 06:15:01] SKIP: fuera de horario (0615)
[2026-05-18 06:20:01] === MONITOR LOCAL INICIO 2026-05-18 0620 ===
[2026-05-18 06:20:01] SKIP: fuera de horario (0620)
[2026-05-18 06:25:02] === MONITOR LOCAL INICIO 2026-05-18 0625 ===
[2026-05-18 06:25:02] SKIP: fuera de horario (0625)
[2026-05-18 06:30:01] === MONITOR LOCAL INICIO 2026-05-18 0630 ===
[2026-05-18 06:30:01] SKIP: fuera de horario (0630)
[2026-05-18 06:35:01] === MONITOR LOCAL INICIO 2026-05-18 0635 ===
[2026-05-18 06:35:01] SKIP: fuera de horario (0635)
[2026-05-18 06:40:01] === MONITOR LOCAL INICIO 2026-05-18 0640 ===
[2026-05-18 06:40:01] SKIP: fuera de horario (0640)
[2026-05-18 06:45:01] === MONITOR LOCAL INICIO 2026-05-18 0645 ===
[2026-05-18 06:45:01] SKIP: fuera de horario (0645)
[2026-05-18 06:50:01] === MONITOR LOCAL INICIO 2026-05-18 0650 ===
[2026-05-18 06:50:01] SKIP: fuera de horario (0650)
[2026-05-18 06:55:01] === MONITOR LOCAL INICIO 2026-05-18 0655 ===
[2026-05-18 06:55:01] SKIP: fuera de horario (0655)
[2026-05-18 07:00:01] === MONITOR LOCAL INICIO 2026-05-18 0700 ===
[2026-05-18 07:00:01] SKIP: fuera de horario (0700)
[2026-05-18 07:05:01] === MONITOR LOCAL INICIO 2026-05-18 0705 ===
[2026-05-18 07:05:01] SKIP: fuera de horario (0705)
[2026-05-18 07:10:01] === MONITOR LOCAL INICIO 2026-05-18 0710 ===
[2026-05-18 07:10:01] SKIP: fuera de horario (0710)
[2026-05-18 07:15:01] === MONITOR LOCAL INICIO 2026-05-18 0715 ===
[2026-05-18 07:15:01] SKIP: fuera de horario (0715)
[2026-05-18 07:20:01] === MONITOR LOCAL INICIO 2026-05-18 0720 ===
[2026-05-18 07:20:01] SKIP: fuera de horario (0720)
[2026-05-18 07:25:01] === MONITOR LOCAL INICIO 2026-05-18 0725 ===
[2026-05-18 07:25:01] SKIP: fuera de horario (0725)
[2026-05-18 07:30:01] === MONITOR LOCAL INICIO 2026-05-18 0730 ===
[2026-05-18 07:30:01] SKIP: fuera de horario (0730)
[2026-05-18 07:35:01] === MONITOR LOCAL INICIO 2026-05-18 0735 ===
[2026-05-18 07:35:01] SKIP: fuera de horario (0735)
[2026-05-18 07:40:01] === MONITOR LOCAL INICIO 2026-05-18 0740 ===
[2026-05-18 07:40:01] SKIP: fuera de horario (0740)
[2026-05-18 07:45:01] === MONITOR LOCAL INICIO 2026-05-18 0745 ===
[2026-05-18 07:45:01] SKIP: fuera de horario (0745)
[2026-05-18 07:50:01] === MONITOR LOCAL INICIO 2026-05-18 0750 ===
[2026-05-18 07:50:01] SKIP: fuera de horario (0750)
[2026-05-18 07:55:01] === MONITOR LOCAL INICIO 2026-05-18 0755 ===
[2026-05-18 07:55:01] SKIP: fuera de horario (0755)
[2026-05-18 08:00:01] === MONITOR LOCAL INICIO 2026-05-18 0800 ===
/mnt/c/dashboard/Github/scripts/monitor_local.sh: line 373: [[: 0800: value too great for base (error token is "0800")
/mnt/c/dashboard/Github/scripts/monitor_local.sh: line 373: [[: 0800: value too great for base (error token is "0800")
[2026-05-18 08:00:03] WATCHDOG: Sin datos en mercado
/mnt/c/dashboard/Github/scripts/monitor_local.sh: line 34: [[: 0800: value too great for base (error token is "0800")
[2026-05-18 08:00:03] === MONITOR LOCAL FIN ===
[2026-05-18 08:05:01] === MONITOR LOCAL INICIO 2026-05-18 0805 ===
/mnt/c/dashboard/Github/scripts/monitor_local.sh: line 373: [[: 0805: value too great for base (error token is "0805")
/mnt/c/dashboard/Github/scripts/monitor_local.sh: line 373: [[: 0805: value too great for base (error token is "0805")
[2026-05-18 08:05:02] WATCHDOG: Sin datos en mercado
/mnt/c/dashboard/Github/scripts/monitor_local.sh: line 34: [[: 0805: value too great for base (error token is "0805")
[2026-05-18 08:05:02] === MONITOR LOCAL FIN ===
[2026-05-18 08:10:01] === MONITOR LOCAL INICIO 2026-05-18 0810 ===
/mnt/c/dashboard/Github/scripts/monitor_local.sh: line 373: [[: 0810: value too great for base (error token is "0810")
/mnt/c/dashboard/Github/scripts/monitor_local.sh: line 373: [[: 0810: value too great for base (error token is "0810")
[2026-05-18 08:10:02] WATCHDOG: Sin datos en mercado
/mnt/c/dashboard/Github/scripts/monitor_local.sh: line 34: [[: 0810: value too great for base (error token is "0810")
[2026-05-18 08:10:02] === MONITOR LOCAL FIN ===
[2026-05-18 08:15:01] === MONITOR LOCAL INICIO 2026-05-18 0815 ===
/mnt/c/dashboard/Github/scripts/monitor_local.sh: line 373: [[: 0815: value too great for base (error token is "0815")
/mnt/c/dashboard/Github/scripts/monitor_local.sh: line 373: [[: 0815: value too great for base (error token is "0815")
[2026-05-18 08:15:01] WATCHDOG: Sin datos en mercado
/mnt/c/dashboard/Github/scripts/monitor_local.sh: line 34: [[: 0815: value too great for base (error token is "0815")
[2026-05-18 08:15:01] === MONITOR LOCAL FIN ===
[2026-05-18 08:20:01] === MONITOR LOCAL INICIO 2026-05-18 0820 ===
/mnt/c/dashboard/Github/scripts/monitor_local.sh: line 373: [[: 0820: value too great for base (error token is "0820")
/mnt/c/dashboard/Github/scripts/monitor_local.sh: line 373: [[: 0820: value too great for base (error token is "0820")
[2026-05-18 08:20:02] WATCHDOG: Sin datos en mercado
/mnt/c/dashboard/Github/scripts/monitor_local.sh: line 34: [[: 0820: value too great for base (error token is "0820")
[2026-05-18 08:20:02] === MONITOR LOCAL FIN ===
[2026-05-18 08:25:01] === MONITOR LOCAL INICIO 2026-05-18 0825 ===
/mnt/c/dashboard/Github/scripts/monitor_local.sh: line 373: [[: 0825: value too great for base (error token is "0825")
/mnt/c/dashboard/Github/scripts/monitor_local.sh: line 373: [[: 0825: value too great for base (error token is "0825")
[2026-05-18 08:25:02] WATCHDOG: Sin datos en mercado
/mnt/c/dashboard/Github/scripts/monitor_local.sh: line 34: [[: 0825: value too great for base (error token is "0825")
[2026-05-18 08:25:02] === MONITOR LOCAL FIN ===
[2026-05-18 12:10:01] === MONITOR LOCAL INICIO 2026-05-18 1210 ===
[2026-05-18 12:10:02] WATCHDOG: Sin datos en mercado
[2026-05-18 12:10:02] === MONITOR LOCAL FIN ===
[2026-05-18 12:15:01] === MONITOR LOCAL INICIO 2026-05-18 1215 ===
[2026-05-18 12:15:02] WATCHDOG: Sin datos en mercado
[2026-05-18 12:15:02] === MONITOR LOCAL FIN ===
[2026-05-18 12:20:01] === MONITOR LOCAL INICIO 2026-05-18 1220 ===
[2026-05-18 12:20:02] WATCHDOG: Sin datos en mercado
[2026-05-18 12:20:02] === MONITOR LOCAL FIN ===
[2026-05-18 12:25:01] === MONITOR LOCAL INICIO 2026-05-18 1225 ===
[2026-05-18 12:25:01] WATCHDOG: Sin datos en mercado
[2026-05-18 12:25:01] === MONITOR LOCAL FIN ===
[2026-05-18 12:30:01] === MONITOR LOCAL INICIO 2026-05-18 1230 ===
[2026-05-18 12:30:02] WATCHDOG: Sin datos en mercado
[2026-05-18 12:30:02] === MONITOR LOCAL FIN ===
[2026-05-18 12:35:01] === MONITOR LOCAL INICIO 2026-05-18 1235 ===
[2026-05-18 12:35:01] WATCHDOG: Sin datos en mercado
[2026-05-18 12:35:01] === MONITOR LOCAL FIN ===
[2026-05-18 12:40:01] === MONITOR LOCAL INICIO 2026-05-18 1240 ===
[2026-05-18 12:40:02] WATCHDOG: Sin datos en mercado
[2026-05-18 12:40:02] === MONITOR LOCAL FIN ===
[2026-05-18 12:45:01] === MONITOR LOCAL INICIO 2026-05-18 1245 ===
[2026-05-18 12:45:01] WATCHDOG: Sin datos en mercado
[2026-05-18 12:45:01] === MONITOR LOCAL FIN ===
[2026-05-18 12:50:01] === MONITOR LOCAL INICIO 2026-05-18 1250 ===
[2026-05-18 12:50:02] WATCHDOG: Sin datos en mercado
[2026-05-18 12:50:02] === MONITOR LOCAL FIN ===
[2026-05-18 12:55:01] === MONITOR LOCAL INICIO 2026-05-18 1255 ===
[2026-05-18 12:55:01] WATCHDOG: Sin datos en mercado
[2026-05-18 12:55:01] === MONITOR LOCAL FIN ===
[2026-05-18 13:00:01] === MONITOR LOCAL INICIO 2026-05-18 1300 ===
[2026-05-18 13:00:02] WATCHDOG: Sin datos en mercado
[2026-05-18 13:00:02] === MONITOR LOCAL FIN ===
[2026-05-18 13:05:01] === MONITOR LOCAL INICIO 2026-05-18 1305 ===
[2026-05-18 13:05:01] WATCHDOG: Sin datos en mercado
[2026-05-18 13:05:01] === MONITOR LOCAL FIN ===
[2026-05-18 13:10:01] === MONITOR LOCAL INICIO 2026-05-18 1310 ===
[2026-05-18 13:10:01] WATCHDOG: Sin datos en mercado
[2026-05-18 13:10:01] === MONITOR LOCAL FIN ===
[2026-05-18 13:15:01] === MONITOR LOCAL INICIO 2026-05-18 1315 ===
[2026-05-18 13:15:02] WATCHDOG: Sin datos en mercado
[2026-05-18 13:15:02] === MONITOR LOCAL FIN ===
[2026-05-18 13:20:01] === MONITOR LOCAL INICIO 2026-05-18 1320 ===
[2026-05-18 13:20:02] WATCHDOG: Sin datos en mercado
[2026-05-18 13:20:02] === MONITOR LOCAL FIN ===
[2026-05-18 13:25:01] === MONITOR LOCAL INICIO 2026-05-18 1325 ===
[2026-05-18 13:25:01] WATCHDOG: Sin datos en mercado
[2026-05-18 13:25:01] === MONITOR LOCAL FIN ===
[2026-05-18 13:30:01] === MONITOR LOCAL INICIO 2026-05-18 1330 ===
[2026-05-18 13:30:02] WATCHDOG: Sin datos en mercado
[2026-05-18 13:30:02] === MONITOR LOCAL FIN ===
[2026-05-18 13:35:01] === MONITOR LOCAL INICIO 2026-05-18 1335 ===
[2026-05-18 13:35:01] WATCHDOG: Sin datos en mercado
[2026-05-18 13:35:01] === MONITOR LOCAL FIN ===
[2026-05-18 13:40:01] === MONITOR LOCAL INICIO 2026-05-18 1340 ===
[2026-05-18 13:40:02] WATCHDOG: Sin datos en mercado
[2026-05-18 13:40:02] === MONITOR LOCAL FIN ===
[2026-05-18 13:45:01] === MONITOR LOCAL INICIO 2026-05-18 1345 ===
[2026-05-18 13:45:01] WATCHDOG: Sin datos en mercado
[2026-05-18 13:45:01] === MONITOR LOCAL FIN ===
[2026-05-18 13:50:01] === MONITOR LOCAL INICIO 2026-05-18 1350 ===
[2026-05-18 13:50:02] WATCHDOG: Sin datos en mercado
[2026-05-18 13:50:02] === MONITOR LOCAL FIN ===
[2026-05-18 13:55:01] === MONITOR LOCAL INICIO 2026-05-18 1355 ===
[2026-05-18 13:55:01] WATCHDOG: Sin datos en mercado
[2026-05-18 13:55:01] === MONITOR LOCAL FIN ===
[2026-05-18 14:00:01] === MONITOR LOCAL INICIO 2026-05-18 1400 ===
[2026-05-18 14:00:02] WATCHDOG: Sin datos en mercado
[2026-05-18 14:00:02] === MONITOR LOCAL FIN ===
[2026-05-18 14:05:01] === MONITOR LOCAL INICIO 2026-05-18 1405 ===
[2026-05-18 14:05:02] WATCHDOG: Sin datos en mercado
[2026-05-18 14:05:02] === MONITOR LOCAL FIN ===
[2026-05-18 14:10:01] === MONITOR LOCAL INICIO 2026-05-18 1410 ===
[2026-05-18 14:10:01] WATCHDOG: Sin datos en mercado
[2026-05-18 14:10:01] === MONITOR LOCAL FIN ===
[2026-05-18 14:15:01] === MONITOR LOCAL INICIO 2026-05-18 1415 ===
[2026-05-18 14:15:02] WATCHDOG: Sin datos en mercado
[2026-05-18 14:15:02] === MONITOR LOCAL FIN ===
[2026-05-18 14:20:01] === MONITOR LOCAL INICIO 2026-05-18 1420 ===
[2026-05-18 14:20:02] WATCHDOG: Sin datos en mercado
[2026-05-18 14:20:02] === MONITOR LOCAL FIN ===
[2026-05-18 14:25:01] === MONITOR LOCAL INICIO 2026-05-18 1425 ===
[2026-05-18 14:25:01] WATCHDOG: Sin datos en mercado
[2026-05-18 14:25:01] === MONITOR LOCAL FIN ===
[2026-05-18 14:30:01] === MONITOR LOCAL INICIO 2026-05-18 1430 ===
[2026-05-18 14:30:02] WATCHDOG: Sin datos en mercado
[2026-05-18 14:30:02] === MONITOR LOCAL FIN ===
[2026-05-18 14:35:01] === MONITOR LOCAL INICIO 2026-05-18 1435 ===
[2026-05-18 14:35:01] WATCHDOG: Sin datos en mercado
[2026-05-18 14:35:01] === MONITOR LOCAL FIN ===
[2026-05-18 14:40:01] === MONITOR LOCAL INICIO 2026-05-18 1440 ===
[2026-05-18 14:40:02] WATCHDOG: Sin datos en mercado
[2026-05-18 14:40:02] === MONITOR LOCAL FIN ===
[2026-05-18 14:45:01] === MONITOR LOCAL INICIO 2026-05-18 1445 ===
[2026-05-18 14:45:02] WATCHDOG: Sin datos en mercado
[2026-05-18 14:45:02] === MONITOR LOCAL FIN ===
[2026-05-18 14:50:01] === MONITOR LOCAL INICIO 2026-05-18 1450 ===
[2026-05-18 14:50:01] WATCHDOG: Sin datos en mercado
[2026-05-18 14:50:01] === MONITOR LOCAL FIN ===
[2026-05-18 14:55:01] === MONITOR LOCAL INICIO 2026-05-18 1455 ===
[2026-05-18 14:55:02] WATCHDOG: Sin datos en mercado
[2026-05-18 14:55:02] === MONITOR LOCAL FIN ===
[2026-05-18 15:00:01] === MONITOR LOCAL INICIO 2026-05-18 1500 ===
[2026-05-18 15:00:01] WATCHDOG: Sin datos en mercado
[2026-05-18 15:00:01] === MONITOR LOCAL FIN ===
[2026-05-18 15:05:01] === MONITOR LOCAL INICIO 2026-05-18 1505 ===
[2026-05-18 15:05:02] WATCHDOG: Sin datos en mercado
[2026-05-18 15:05:02] === MONITOR LOCAL FIN ===
[2026-05-18 15:10:01] === MONITOR LOCAL INICIO 2026-05-18 1510 ===
[2026-05-18 15:10:02] WATCHDOG: Sin datos en mercado
[2026-05-18 15:10:02] === MONITOR LOCAL FIN ===
[2026-05-18 15:15:01] === MONITOR LOCAL INICIO 2026-05-18 1515 ===
[2026-05-18 15:15:02] WATCHDOG: Sin datos en mercado
[2026-05-18 15:15:02] === MONITOR LOCAL FIN ===
[2026-05-18 15:20:01] === MONITOR LOCAL INICIO 2026-05-18 1520 ===
[2026-05-18 15:20:02] WATCHDOG: Sin datos en mercado
[2026-05-18 15:20:02] === MONITOR LOCAL FIN ===
[2026-05-18 15:25:01] === MONITOR LOCAL INICIO 2026-05-18 1525 ===
[2026-05-18 15:25:01] WATCHDOG: Sin datos en mercado
[2026-05-18 15:25:01] === MONITOR LOCAL FIN ===
[2026-05-18 15:30:01] === MONITOR LOCAL INICIO 2026-05-18 1530 ===
[2026-05-18 15:30:02] WATCHDOG: Sin datos en mercado
[2026-05-18 15:30:02] === MONITOR LOCAL FIN ===
[2026-05-18 15:35:01] === MONITOR LOCAL INICIO 2026-05-18 1535 ===
[2026-05-18 15:35:01] WATCHDOG: Sin datos en mercado
[2026-05-18 15:35:01] === MONITOR LOCAL FIN ===
[2026-05-18 15:40:01] === MONITOR LOCAL INICIO 2026-05-18 1540 ===
[2026-05-18 15:40:02] WATCHDOG: Sin datos en mercado
[2026-05-18 15:40:02] === MONITOR LOCAL FIN ===
[2026-05-18 15:45:01] === MONITOR LOCAL INICIO 2026-05-18 1545 ===
[2026-05-18 15:45:01] WATCHDOG: Sin datos en mercado
[2026-05-18 15:45:01] === MONITOR LOCAL FIN ===
[2026-05-18 15:50:01] === MONITOR LOCAL INICIO 2026-05-18 1550 ===
[2026-05-18 15:50:02] WATCHDOG: Sin datos en mercado
[2026-05-18 15:50:02] === MONITOR LOCAL FIN ===
[2026-05-18 15:55:01] === MONITOR LOCAL INICIO 2026-05-18 1555 ===
[2026-05-18 15:55:01] WATCHDOG: Sin datos en mercado
[2026-05-18 15:55:01] === MONITOR LOCAL FIN ===
[2026-05-18 16:00:01] === MONITOR LOCAL INICIO 2026-05-18 1600 ===
[2026-05-18 16:00:02] WATCHDOG: Sin datos en mercado
[2026-05-18 16:00:02] === MONITOR LOCAL FIN ===
[2026-05-18 16:05:01] === MONITOR LOCAL INICIO 2026-05-18 1605 ===
[2026-05-18 16:05:03] WATCHDOG: Sin datos en mercado
[2026-05-18 16:05:03] === MONITOR LOCAL FIN ===
[2026-05-18 16:10:01] === MONITOR LOCAL INICIO 2026-05-18 1610 ===
[2026-05-18 16:10:01] WATCHDOG: Sin datos en mercado
[2026-05-18 16:10:01] === MONITOR LOCAL FIN ===
[2026-05-18 16:15:01] === MONITOR LOCAL INICIO 2026-05-18 1615 ===
[2026-05-18 16:15:02] WATCHDOG: Sin datos en mercado
[2026-05-18 16:15:02] === MONITOR LOCAL FIN ===
[2026-05-18 16:20:01] === MONITOR LOCAL INICIO 2026-05-18 1620 ===
[2026-05-18 16:20:01] WATCHDOG: Sin datos en mercado
[2026-05-18 16:20:01] === MONITOR LOCAL FIN ===
[2026-05-18 16:25:01] === MONITOR LOCAL INICIO 2026-05-18 1625 ===
[2026-05-18 16:25:02] WATCHDOG: Sin datos en mercado
[2026-05-18 16:25:02] === MONITOR LOCAL FIN ===
[2026-05-18 16:30:01] === MONITOR LOCAL INICIO 2026-05-18 1630 ===
[2026-05-18 16:30:01] WATCHDOG: Sin datos en mercado
[2026-05-18 16:30:01] === MONITOR LOCAL FIN ===
[2026-05-18 16:35:01] === MONITOR LOCAL INICIO 2026-05-18 1635 ===
[2026-05-18 16:35:02] WATCHDOG: Sin datos en mercado
[2026-05-18 16:35:02] === MONITOR LOCAL FIN ===
[2026-05-18 16:40:01] === MONITOR LOCAL INICIO 2026-05-18 1640 ===
[2026-05-18 16:40:02] WATCHDOG: Sin datos en mercado
[2026-05-18 16:40:02] === MONITOR LOCAL FIN ===
[2026-05-18 16:45:01] === MONITOR LOCAL INICIO 2026-05-18 1645 ===
[2026-05-18 16:45:01] WATCHDOG: Sin datos en mercado
[2026-05-18 16:45:01] === MONITOR LOCAL FIN ===
[2026-05-18 16:50:01] === MONITOR LOCAL INICIO 2026-05-18 1650 ===
[2026-05-18 16:50:02] WATCHDOG: Sin datos en mercado
[2026-05-18 16:50:02] === MONITOR LOCAL FIN ===
[2026-05-18 16:55:01] === MONITOR LOCAL INICIO 2026-05-18 1655 ===
[2026-05-18 16:55:01] WATCHDOG: Sin datos en mercado
[2026-05-18 16:55:01] === MONITOR LOCAL FIN ===
[2026-05-18 17:00:01] === MONITOR LOCAL INICIO 2026-05-18 1700 ===
[2026-05-18 17:00:02] WATCHDOG: Sin datos en mercado
[2026-05-18 17:00:02] === MONITOR LOCAL FIN ===
[2026-05-18 17:05:01] === MONITOR LOCAL INICIO 2026-05-18 1705 ===
[2026-05-18 17:05:02] WATCHDOG: Sin datos en mercado
[2026-05-18 17:05:04] DOLAR: dolarapi MEP=1430.2
[2026-05-18 17:05:04] DOLAR: dolarapi CCL=1486.1
[2026-05-18 17:05:05] DOLAR: dolarapi Oficial=1420
[2026-05-18 17:05:05] DOLAR: dolarapi Blue=1420
{"code":"23514","details":"Failing row contains (1008, 2026-05-18, blue, 1420.00, dolarapi, 2026-05-18 20:05:05.610827+00).","hint":null,"message":"new row for relation \"dolar_historico\" violates check constraint \"dolar_historico_tipo_check\""}[2026-05-18 17:05:05] DOLAR: dolarapi Mayorista=1396
{"code":"23514","details":"Failing row contains (1009, 2026-05-18, mayorista, 1396.00, dolarapi, 2026-05-18 20:05:05.920042+00).","hint":null,"message":"new row for relation \"dolar_historico\" violates check constraint \"dolar_historico_tipo_check\""}/mnt/c/dashboard/Github/scripts/monitor_local.sh: line 383: local: can only be used in a function
[2026-05-18 17:10:01] === MONITOR LOCAL INICIO 2026-05-18 1710 ===
[2026-05-18 17:10:02] WATCHDOG: Sin datos en mercado
[2026-05-18 17:10:04] DOLAR: dolarapi MEP=1438.1
{"code":"23505","details":"Key (fecha, tipo)=(2026-05-18, mep) already exists.","hint":null,"message":"duplicate key value violates unique constraint \"dolar_historico_fecha_tipo_key\""}[2026-05-18 17:10:05] DOLAR: dolarapi CCL=1484.7
{"code":"23505","details":"Key (fecha, tipo)=(2026-05-18, ccl) already exists.","hint":null,"message":"duplicate key value violates unique constraint \"dolar_historico_fecha_tipo_key\""}[2026-05-18 17:10:05] DOLAR: dolarapi Oficial=1420
{"code":"23505","details":"Key (fecha, tipo)=(2026-05-18, oficial) already exists.","hint":null,"message":"duplicate key value violates unique constraint \"dolar_historico_fecha_tipo_key\""}[2026-05-18 17:10:05] DOLAR: dolarapi Blue=1420
{"code":"23514","details":"Failing row contains (1013, 2026-05-18, blue, 1420.00, dolarapi, 2026-05-18 20:10:06.206288+00).","hint":null,"message":"new row for relation \"dolar_historico\" violates check constraint \"dolar_historico_tipo_check\""}[2026-05-18 17:10:06] DOLAR: dolarapi Mayorista=1397
{"code":"23514","details":"Failing row contains (1014, 2026-05-18, mayorista, 1397.00, dolarapi, 2026-05-18 20:10:06.493194+00).","hint":null,"message":"new row for relation \"dolar_historico\" violates check constraint \"dolar_historico_tipo_check\""}/mnt/c/dashboard/Github/scripts/monitor_local.sh: line 383: local: can only be used in a function
[2026-05-18 17:15:01] === MONITOR LOCAL INICIO 2026-05-18 1715 ===
[2026-05-18 17:15:02] WATCHDOG: Sin datos en mercado
[2026-05-18 17:15:04] DOLAR: dolarapi MEP=1438.1
{"code":"23505","details":"Key (fecha, tipo)=(2026-05-18, mep) already exists.","hint":null,"message":"duplicate key value violates unique constraint \"dolar_historico_fecha_tipo_key\""}[2026-05-18 17:15:05] DOLAR: dolarapi CCL=1484.7
{"code":"23505","details":"Key (fecha, tipo)=(2026-05-18, ccl) already exists.","hint":null,"message":"duplicate key value violates unique constraint \"dolar_historico_fecha_tipo_key\""}[2026-05-18 17:15:05] DOLAR: dolarapi Oficial=1420
{"code":"23505","details":"Key (fecha, tipo)=(2026-05-18, oficial) already exists.","hint":null,"message":"duplicate key value violates unique constraint \"dolar_historico_fecha_tipo_key\""}[2026-05-18 17:15:06] DOLAR: dolarapi Blue=1420
{"code":"23514","details":"Failing row contains (1018, 2026-05-18, blue, 1420.00, dolarapi, 2026-05-18 20:15:06.830606+00).","hint":null,"message":"new row for relation \"dolar_historico\" violates check constraint \"dolar_historico_tipo_check\""}[2026-05-18 17:15:06] DOLAR: dolarapi Mayorista=1397
{"code":"23514","details":"Failing row contains (1019, 2026-05-18, mayorista, 1397.00, dolarapi, 2026-05-18 20:15:07.164252+00).","hint":null,"message":"new row for relation \"dolar_historico\" violates check constraint \"dolar_historico_tipo_check\""}/mnt/c/dashboard/Github/scripts/monitor_local.sh: line 383: local: can only be used in a function
[2026-05-18 17:20:01] === MONITOR LOCAL INICIO 2026-05-18 1720 ===
[2026-05-18 17:20:01] WATCHDOG: Sin datos en mercado
[2026-05-18 17:20:03] DOLAR: dolarapi MEP=1438.1
{"code":"23505","details":"Key (fecha, tipo)=(2026-05-18, mep) already exists.","hint":null,"message":"duplicate key value violates unique constraint \"dolar_historico_fecha_tipo_key\""}[2026-05-18 17:20:04] DOLAR: dolarapi CCL=1484.7
{"code":"23505","details":"Key (fecha, tipo)=(2026-05-18, ccl) already exists.","hint":null,"message":"duplicate key value violates unique constraint \"dolar_historico_fecha_tipo_key\""}[2026-05-18 17:20:04] DOLAR: dolarapi Oficial=1420
{"code":"23505","details":"Key (fecha, tipo)=(2026-05-18, oficial) already exists.","hint":null,"message":"duplicate key value violates unique constraint \"dolar_historico_fecha_tipo_key\""}[2026-05-18 17:20:04] DOLAR: dolarapi Blue=1420
{"code":"23514","details":"Failing row contains (1023, 2026-05-18, blue, 1420.00, dolarapi, 2026-05-18 20:20:05.112132+00).","hint":null,"message":"new row for relation \"dolar_historico\" violates check constraint \"dolar_historico_tipo_check\""}[2026-05-18 17:20:05] DOLAR: dolarapi Mayorista=1397
{"code":"23514","details":"Failing row contains (1024, 2026-05-18, mayorista, 1397.00, dolarapi, 2026-05-18 20:20:05.40062+00).","hint":null,"message":"new row for relation \"dolar_historico\" violates check constraint \"dolar_historico_tipo_check\""}/mnt/c/dashboard/Github/scripts/monitor_local.sh: line 383: local: can only be used in a function
[2026-05-18 17:25:01] === MONITOR LOCAL INICIO 2026-05-18 1725 ===
[2026-05-18 17:25:02] WATCHDOG: Sin datos en mercado
[2026-05-18 17:25:04] DOLAR: dolarapi MEP=1438.1
{"code":"23505","details":"Key (fecha, tipo)=(2026-05-18, mep) already exists.","hint":null,"message":"duplicate key value violates unique constraint \"dolar_historico_fecha_tipo_key\""}[2026-05-18 17:25:04] DOLAR: dolarapi CCL=1484.7
{"code":"23505","details":"Key (fecha, tipo)=(2026-05-18, ccl) already exists.","hint":null,"message":"duplicate key value violates unique constraint \"dolar_historico_fecha_tipo_key\""}[2026-05-18 17:25:04] DOLAR: dolarapi Oficial=1420
{"code":"23505","details":"Key (fecha, tipo)=(2026-05-18, oficial) already exists.","hint":null,"message":"duplicate key value violates unique constraint \"dolar_historico_fecha_tipo_key\""}[2026-05-18 17:25:05] DOLAR: dolarapi Blue=1420
{"code":"23514","details":"Failing row contains (1028, 2026-05-18, blue, 1420.00, dolarapi, 2026-05-18 20:25:05.409975+00).","hint":null,"message":"new row for relation \"dolar_historico\" violates check constraint \"dolar_historico_tipo_check\""}[2026-05-18 17:25:05] DOLAR: dolarapi Mayorista=1397
{"code":"23514","details":"Failing row contains (1029, 2026-05-18, mayorista, 1397.00, dolarapi, 2026-05-18 20:25:05.696501+00).","hint":null,"message":"new row for relation \"dolar_historico\" violates check constraint \"dolar_historico_tipo_check\""}/mnt/c/dashboard/Github/scripts/monitor_local.sh: line 383: local: can only be used in a function
[2026-05-18 17:30:01] === MONITOR LOCAL INICIO 2026-05-18 1730 ===
[2026-05-18 17:30:02] WATCHDOG: Sin datos en mercado
[2026-05-18 17:30:04] DOLAR: dolarapi MEP=1438.1
{"code":"23505","details":"Key (fecha, tipo)=(2026-05-18, mep) already exists.","hint":null,"message":"duplicate key value violates unique constraint \"dolar_historico_fecha_tipo_key\""}[2026-05-18 17:30:05] DOLAR: dolarapi CCL=1484.7
{"code":"23505","details":"Key (fecha, tipo)=(2026-05-18, ccl) already exists.","hint":null,"message":"duplicate key value violates unique constraint \"dolar_historico_fecha_tipo_key\""}[2026-05-18 17:30:06] DOLAR: dolarapi Oficial=1420
{"code":"23505","details":"Key (fecha, tipo)=(2026-05-18, oficial) already exists.","hint":null,"message":"duplicate key value violates unique constraint \"dolar_historico_fecha_tipo_key\""}[2026-05-18 17:30:06] DOLAR: dolarapi Blue=1420
{"code":"23514","details":"Failing row contains (1033, 2026-05-18, blue, 1420.00, dolarapi, 2026-05-18 20:30:06.606924+00).","hint":null,"message":"new row for relation \"dolar_historico\" violates check constraint \"dolar_historico_tipo_check\""}[2026-05-18 17:30:06] DOLAR: dolarapi Mayorista=1397
{"code":"23514","details":"Failing row contains (1034, 2026-05-18, mayorista, 1397.00, dolarapi, 2026-05-18 20:30:06.881143+00).","hint":null,"message":"new row for relation \"dolar_historico\" violates check constraint \"dolar_historico_tipo_check\""}/mnt/c/dashboard/Github/scripts/monitor_local.sh: line 383: local: can only be used in a function
[2026-05-18 17:35:01] === MONITOR LOCAL INICIO 2026-05-18 1735 ===
[2026-05-18 17:35:02] WATCHDOG: Sin datos en mercado
[2026-05-18 17:35:03] DOLAR: MEP=1428.41 (90490/63.35)
{"code":"23505","details":"Key (fecha, tipo)=(2026-05-18, mep) already exists.","hint":null,"message":"duplicate key value violates unique constraint \"dolar_historico_fecha_tipo_key\""}[2026-05-18 17:35:04] DOLAR: CCL=1483.44 (90490/61)
{"code":"23505","details":"Key (fecha, tipo)=(2026-05-18, ccl) already exists.","hint":null,"message":"duplicate key value violates unique constraint \"dolar_historico_fecha_tipo_key\""}[2026-05-18 17:35:05] DOLAR: dolarapi MEP=1438.1
{"code":"23505","details":"Key (fecha, tipo)=(2026-05-18, mep) already exists.","hint":null,"message":"duplicate key value violates unique constraint \"dolar_historico_fecha_tipo_key\""}[2026-05-18 17:35:05] DOLAR: dolarapi CCL=1484.7
{"code":"23505","details":"Key (fecha, tipo)=(2026-05-18, ccl) already exists.","hint":null,"message":"duplicate key value violates unique constraint \"dolar_historico_fecha_tipo_key\""}[2026-05-18 17:35:06] DOLAR: dolarapi Oficial=1420
{"code":"23505","details":"Key (fecha, tipo)=(2026-05-18, oficial) already exists.","hint":null,"message":"duplicate key value violates unique constraint \"dolar_historico_fecha_tipo_key\""}[2026-05-18 17:35:06] DOLAR: dolarapi Blue=1420
{"code":"23514","details":"Failing row contains (1040, 2026-05-18, blue, 1420.00, dolarapi, 2026-05-18 20:35:06.905794+00).","hint":null,"message":"new row for relation \"dolar_historico\" violates check constraint \"dolar_historico_tipo_check\""}[2026-05-18 17:35:06] DOLAR: dolarapi Mayorista=1397
{"code":"23514","details":"Failing row contains (1041, 2026-05-18, mayorista, 1397.00, dolarapi, 2026-05-18 20:35:07.180625+00).","hint":null,"message":"new row for relation \"dolar_historico\" violates check constraint \"dolar_historico_tipo_check\""}/mnt/c/dashboard/Github/scripts/monitor_local.sh: line 383: local: can only be used in a function
[2026-05-18 17:40:01] === MONITOR LOCAL INICIO 2026-05-18 1740 ===
[2026-05-18 17:40:01] WATCHDOG: Sin datos en mercado
[2026-05-18 17:40:02] DOLAR: MEP=1428.41 (90490/63.35)
{"code":"23505","details":"Key (fecha, tipo)=(2026-05-18, mep) already exists.","hint":null,"message":"duplicate key value violates unique constraint \"dolar_historico_fecha_tipo_key\""}[2026-05-18 17:40:03] DOLAR: CCL=1483.44 (90490/61)
{"code":"23505","details":"Key (fecha, tipo)=(2026-05-18, ccl) already exists.","hint":null,"message":"duplicate key value violates unique constraint \"dolar_historico_fecha_tipo_key\""}[2026-05-18 17:40:04] DOLAR: dolarapi MEP=1438.1
{"code":"23505","details":"Key (fecha, tipo)=(2026-05-18, mep) already exists.","hint":null,"message":"duplicate key value violates unique constraint \"dolar_historico_fecha_tipo_key\""}[2026-05-18 17:40:04] DOLAR: dolarapi CCL=1484.7
{"code":"23505","details":"Key (fecha, tipo)=(2026-05-18, ccl) already exists.","hint":null,"message":"duplicate key value violates unique constraint \"dolar_historico_fecha_tipo_key\""}[2026-05-18 17:40:05] DOLAR: dolarapi Oficial=1420
{"code":"23505","details":"Key (fecha, tipo)=(2026-05-18, oficial) already exists.","hint":null,"message":"duplicate key value violates unique constraint \"dolar_historico_fecha_tipo_key\""}[2026-05-18 17:40:05] DOLAR: dolarapi Blue=1420
{"code":"23514","details":"Failing row contains (1047, 2026-05-18, blue, 1420.00, dolarapi, 2026-05-18 20:40:05.6068+00).","hint":null,"message":"new row for relation \"dolar_historico\" violates check constraint \"dolar_historico_tipo_check\""}[2026-05-18 17:40:05] DOLAR: dolarapi Mayorista=1397
{"code":"23514","details":"Failing row contains (1048, 2026-05-18, mayorista, 1397.00, dolarapi, 2026-05-18 20:40:05.873892+00).","hint":null,"message":"new row for relation \"dolar_historico\" violates check constraint \"dolar_historico_tipo_check\""}/mnt/c/dashboard/Github/scripts/monitor_local.sh: line 383: local: can only be used in a function
[2026-05-18 17:45:01] === MONITOR LOCAL INICIO 2026-05-18 1745 ===
[2026-05-18 17:45:02] WATCHDOG: Sin datos en mercado
[2026-05-18 17:45:04] DOLAR: MEP=1428.41 (90490/63.35)
{"code":"23505","details":"Key (fecha, tipo)=(2026-05-18, mep) already exists.","hint":null,"message":"duplicate key value violates unique constraint \"dolar_historico_fecha_tipo_key\""}[2026-05-18 17:45:04] DOLAR: CCL=1483.44 (90490/61)
{"code":"23505","details":"Key (fecha, tipo)=(2026-05-18, ccl) already exists.","hint":null,"message":"duplicate key value violates unique constraint \"dolar_historico_fecha_tipo_key\""}[2026-05-18 17:45:05] DOLAR: dolarapi MEP=1438.1
{"code":"23505","details":"Key (fecha, tipo)=(2026-05-18, mep) already exists.","hint":null,"message":"duplicate key value violates unique constraint \"dolar_historico_fecha_tipo_key\""}[2026-05-18 17:45:06] DOLAR: dolarapi CCL=1484.7
{"code":"23505","details":"Key (fecha, tipo)=(2026-05-18, ccl) already exists.","hint":null,"message":"duplicate key value violates unique constraint \"dolar_historico_fecha_tipo_key\""}[2026-05-18 17:45:07] DOLAR: dolarapi Oficial=1420
{"code":"23505","details":"Key (fecha, tipo)=(2026-05-18, oficial) already exists.","hint":null,"message":"duplicate key value violates unique constraint \"dolar_historico_fecha_tipo_key\""}[2026-05-18 17:45:07] DOLAR: dolarapi Blue=1420
{"code":"23514","details":"Failing row contains (1054, 2026-05-18, blue, 1420.00, dolarapi, 2026-05-18 20:45:07.598653+00).","hint":null,"message":"new row for relation \"dolar_historico\" violates check constraint \"dolar_historico_tipo_check\""}[2026-05-18 17:45:07] DOLAR: dolarapi Mayorista=1397
{"code":"23514","details":"Failing row contains (1055, 2026-05-18, mayorista, 1397.00, dolarapi, 2026-05-18 20:45:07.964504+00).","hint":null,"message":"new row for relation \"dolar_historico\" violates check constraint \"dolar_historico_tipo_check\""}/mnt/c/dashboard/Github/scripts/monitor_local.sh: line 383: local: can only be used in a function
[2026-05-18 17:50:01] === MONITOR LOCAL INICIO 2026-05-18 1750 ===
[2026-05-18 17:50:02] WATCHDOG: Sin datos en mercado
[2026-05-18 17:50:03] DOLAR: MEP=1428.41 (90490/63.35)
{"code":"23505","details":"Key (fecha, tipo)=(2026-05-18, mep) already exists.","hint":null,"message":"duplicate key value violates unique constraint \"dolar_historico_fecha_tipo_key\""}[2026-05-18 17:50:05] DOLAR: CCL=1483.44 (90490/61)
{"code":"23505","details":"Key (fecha, tipo)=(2026-05-18, ccl) already exists.","hint":null,"message":"duplicate key value violates unique constraint \"dolar_historico_fecha_tipo_key\""}[2026-05-18 17:50:06] DOLAR: dolarapi MEP=1438.1
{"code":"23505","details":"Key (fecha, tipo)=(2026-05-18, mep) already exists.","hint":null,"message":"duplicate key value violates unique constraint \"dolar_historico_fecha_tipo_key\""}[2026-05-18 17:50:08] DOLAR: dolarapi CCL=1484.7
{"code":"23505","details":"Key (fecha, tipo)=(2026-05-18, ccl) already exists.","hint":null,"message":"duplicate key value violates unique constraint \"dolar_historico_fecha_tipo_key\""}[2026-05-18 17:50:09] DOLAR: dolarapi Oficial=1420
{"code":"23505","details":"Key (fecha, tipo)=(2026-05-18, oficial) already exists.","hint":null,"message":"duplicate key value violates unique constraint \"dolar_historico_fecha_tipo_key\""}[2026-05-18 17:50:10] DOLAR: dolarapi Blue=1420
{"code":"23514","details":"Failing row contains (1061, 2026-05-18, blue, 1420.00, dolarapi, 2026-05-18 20:50:10.481669+00).","hint":null,"message":"new row for relation \"dolar_historico\" violates check constraint \"dolar_historico_tipo_check\""}[2026-05-18 17:50:10] DOLAR: dolarapi Mayorista=1397
{"code":"23514","details":"Failing row contains (1062, 2026-05-18, mayorista, 1397.00, dolarapi, 2026-05-18 20:50:10.748373+00).","hint":null,"message":"new row for relation \"dolar_historico\" violates check constraint \"dolar_historico_tipo_check\""}/mnt/c/dashboard/Github/scripts/monitor_local.sh: line 383: local: can only be used in a function
[2026-05-18 17:55:01] === MONITOR LOCAL INICIO 2026-05-18 1755 ===
[2026-05-18 17:55:02] WATCHDOG: Sin datos en mercado
[2026-05-18 17:55:04] DOLAR: MEP=1428.41 (90490/63.35)
{"code":"23505","details":"Key (fecha, tipo)=(2026-05-18, mep) already exists.","hint":null,"message":"duplicate key value violates unique constraint \"dolar_historico_fecha_tipo_key\""}[2026-05-18 17:55:04] DOLAR: CCL=1483.44 (90490/61)
{"code":"23505","details":"Key (fecha, tipo)=(2026-05-18, ccl) already exists.","hint":null,"message":"duplicate key value violates unique constraint \"dolar_historico_fecha_tipo_key\""}[2026-05-18 17:55:05] DOLAR: dolarapi MEP=1438.1
{"code":"23505","details":"Key (fecha, tipo)=(2026-05-18, mep) already exists.","hint":null,"message":"duplicate key value violates unique constraint \"dolar_historico_fecha_tipo_key\""}[2026-05-18 17:55:06] DOLAR: dolarapi CCL=1484.7
{"code":"23505","details":"Key (fecha, tipo)=(2026-05-18, ccl) already exists.","hint":null,"message":"duplicate key value violates unique constraint \"dolar_historico_fecha_tipo_key\""}[2026-05-18 17:55:06] DOLAR: dolarapi Oficial=1420
{"code":"23505","details":"Key (fecha, tipo)=(2026-05-18, oficial) already exists.","hint":null,"message":"duplicate key value violates unique constraint \"dolar_historico_fecha_tipo_key\""}[2026-05-18 17:55:06] DOLAR: dolarapi Blue=1420
{"code":"23514","details":"Failing row contains (1068, 2026-05-18, blue, 1420.00, dolarapi, 2026-05-18 20:55:07.147072+00).","hint":null,"message":"new row for relation \"dolar_historico\" violates check constraint \"dolar_historico_tipo_check\""}[2026-05-18 17:55:07] DOLAR: dolarapi Mayorista=1397
{"code":"23514","details":"Failing row contains (1069, 2026-05-18, mayorista, 1397.00, dolarapi, 2026-05-18 20:55:07.421393+00).","hint":null,"message":"new row for relation \"dolar_historico\" violates check constraint \"dolar_historico_tipo_check\""}/mnt/c/dashboard/Github/scripts/monitor_local.sh: line 383: local: can only be used in a function
[2026-05-18 18:00:01] === MONITOR LOCAL INICIO 2026-05-18 1800 ===
[2026-05-18 18:00:01] WATCHDOG: Sin datos en mercado
[2026-05-18 18:00:01] === MONITOR LOCAL FIN ===
[2026-05-18 18:05:01] === MONITOR LOCAL INICIO 2026-05-18 1805 ===
[2026-05-18 18:05:01] SKIP: fuera de horario (1805)
[2026-05-18 18:10:01] === MONITOR LOCAL INICIO 2026-05-18 1810 ===
[2026-05-18 18:10:01] SKIP: fuera de horario (1810)
[2026-05-18 18:15:01] === MONITOR LOCAL INICIO 2026-05-18 1815 ===
[2026-05-18 18:15:01] SKIP: fuera de horario (1815)
[2026-05-18 18:20:01] === MONITOR LOCAL INICIO 2026-05-18 1820 ===
[2026-05-18 18:20:01] SKIP: fuera de horario (1820)
[2026-05-18 18:25:01] === MONITOR LOCAL INICIO 2026-05-18 1825 ===
[2026-05-18 18:25:01] SKIP: fuera de horario (1825)
[2026-05-18 18:30:01] === MONITOR LOCAL INICIO 2026-05-18 1830 ===
[2026-05-18 18:30:01] SKIP: fuera de horario (1830)
[2026-05-18 18:35:01] === MONITOR LOCAL INICIO 2026-05-18 1835 ===
[2026-05-18 18:35:01] SKIP: fuera de horario (1835)
[2026-05-18 18:40:01] === MONITOR LOCAL INICIO 2026-05-18 1840 ===
[2026-05-18 18:40:01] SKIP: fuera de horario (1840)
[2026-05-18 18:45:01] === MONITOR LOCAL INICIO 2026-05-18 1845 ===
[2026-05-18 18:45:01] SKIP: fuera de horario (1845)
[2026-05-18 18:50:01] === MONITOR LOCAL INICIO 2026-05-18 1850 ===
[2026-05-18 18:50:01] SKIP: fuera de horario (1850)
[2026-05-18 18:55:01] === MONITOR LOCAL INICIO 2026-05-18 1855 ===
[2026-05-18 18:55:01] SKIP: fuera de horario (1855)
[2026-05-18 19:00:01] === MONITOR LOCAL INICIO 2026-05-18 1900 ===
[2026-05-18 19:00:01] SKIP: fuera de horario (1900)
[2026-05-18 19:05:01] === MONITOR LOCAL INICIO 2026-05-18 1905 ===
[2026-05-18 19:05:01] SKIP: fuera de horario (1905)
[2026-05-18 19:10:01] === MONITOR LOCAL INICIO 2026-05-18 1910 ===
[2026-05-18 19:10:01] SKIP: fuera de horario (1910)
[2026-05-18 19:15:01] === MONITOR LOCAL INICIO 2026-05-18 1915 ===
[2026-05-18 19:15:01] SKIP: fuera de horario (1915)
[2026-05-18 19:20:01] === MONITOR LOCAL INICIO 2026-05-18 1920 ===
[2026-05-18 19:20:01] SKIP: fuera de horario (1920)
[2026-05-18 19:25:01] === MONITOR LOCAL INICIO 2026-05-18 1925 ===
[2026-05-18 19:25:01] SKIP: fuera de horario (1925)
[2026-05-18 19:30:01] === MONITOR LOCAL INICIO 2026-05-18 1930 ===
[2026-05-18 19:30:01] SKIP: fuera de horario (1930)
[2026-05-18 19:35:01] === MONITOR LOCAL INICIO 2026-05-18 1935 ===
[2026-05-18 19:35:01] SKIP: fuera de horario (1935)
[2026-05-18 19:40:01] === MONITOR LOCAL INICIO 2026-05-18 1940 ===
[2026-05-18 19:40:01] SKIP: fuera de horario (1940)
[2026-05-18 19:45:01] === MONITOR LOCAL INICIO 2026-05-18 1945 ===
[2026-05-18 19:45:01] SKIP: fuera de horario (1945)
[2026-05-18 19:50:01] === MONITOR LOCAL INICIO 2026-05-18 1950 ===
[2026-05-18 19:50:01] SKIP: fuera de horario (1950)
[2026-05-18 19:55:01] === MONITOR LOCAL INICIO 2026-05-18 1955 ===
[2026-05-18 19:55:01] SKIP: fuera de horario (1955)
[2026-05-18 20:00:01] === MONITOR LOCAL INICIO 2026-05-18 2000 ===
[2026-05-18 20:00:01] SKIP: fuera de horario (2000)
[2026-05-18 20:05:01] === MONITOR LOCAL INICIO 2026-05-18 2005 ===
[2026-05-18 20:05:01] SKIP: fuera de horario (2005)
[2026-05-18 20:10:01] === MONITOR LOCAL INICIO 2026-05-18 2010 ===
[2026-05-18 20:10:01] SKIP: fuera de horario (2010)
[2026-05-18 20:15:01] === MONITOR LOCAL INICIO 2026-05-18 2015 ===
[2026-05-18 20:15:01] SKIP: fuera de horario (2015)
[2026-05-18 20:20:01] === MONITOR LOCAL INICIO 2026-05-18 2020 ===
[2026-05-18 20:20:01] SKIP: fuera de horario (2020)
[2026-05-18 20:25:01] === MONITOR LOCAL INICIO 2026-05-18 2025 ===
[2026-05-18 20:25:01] SKIP: fuera de horario (2025)
[2026-05-18 20:30:01] === MONITOR LOCAL INICIO 2026-05-18 2030 ===
[2026-05-18 20:30:01] SKIP: fuera de horario (2030)
[2026-05-18 20:35:01] === MONITOR LOCAL INICIO 2026-05-18 2035 ===
[2026-05-18 20:35:01] SKIP: fuera de horario (2035)
[2026-05-18 20:40:01] === MONITOR LOCAL INICIO 2026-05-18 2040 ===
[2026-05-18 20:40:01] SKIP: fuera de horario (2040)
[2026-05-18 20:45:01] === MONITOR LOCAL INICIO 2026-05-18 2045 ===
[2026-05-18 20:45:01] SKIP: fuera de horario (2045)
[2026-05-18 20:50:01] === MONITOR LOCAL INICIO 2026-05-18 2050 ===
[2026-05-18 20:50:01] SKIP: fuera de horario (2050)
[2026-05-18 20:55:01] === MONITOR LOCAL INICIO 2026-05-18 2055 ===
[2026-05-18 20:55:01] SKIP: fuera de horario (2055)
[2026-05-18 21:00:01] === MONITOR LOCAL INICIO 2026-05-18 2100 ===
[2026-05-18 21:00:01] SKIP: fuera de horario (2100)
[2026-05-18 21:05:01] === MONITOR LOCAL INICIO 2026-05-18 2105 ===
[2026-05-18 21:05:01] SKIP: fuera de horario (2105)
[2026-05-18 21:10:01] === MONITOR LOCAL INICIO 2026-05-18 2110 ===
[2026-05-18 21:10:01] SKIP: fuera de horario (2110)
[2026-05-18 21:15:01] === MONITOR LOCAL INICIO 2026-05-18 2115 ===
[2026-05-18 21:15:01] SKIP: fuera de horario (2115)
[2026-05-18 21:20:01] === MONITOR LOCAL INICIO 2026-05-18 2120 ===
[2026-05-18 21:20:01] SKIP: fuera de horario (2120)
[2026-05-18 21:25:02] === MONITOR LOCAL INICIO 2026-05-18 2125 ===
[2026-05-18 21:25:02] SKIP: fuera de horario (2125)
[2026-05-18 21:30:01] === MONITOR LOCAL INICIO 2026-05-18 2130 ===
[2026-05-18 21:30:01] SKIP: fuera de horario (2130)
[2026-05-18 21:35:01] === MONITOR LOCAL INICIO 2026-05-18 2135 ===
[2026-05-18 21:35:01] SKIP: fuera de horario (2135)
[2026-05-18 21:40:01] === MONITOR LOCAL INICIO 2026-05-18 2140 ===
[2026-05-18 21:40:01] SKIP: fuera de horario (2140)
[2026-05-18 21:45:01] === MONITOR LOCAL INICIO 2026-05-18 2145 ===
[2026-05-18 21:45:01] SKIP: fuera de horario (2145)
[2026-05-18 21:50:01] === MONITOR LOCAL INICIO 2026-05-18 2150 ===
[2026-05-18 21:50:01] SKIP: fuera de horario (2150)
[2026-05-18 21:55:01] === MONITOR LOCAL INICIO 2026-05-18 2155 ===
[2026-05-18 21:55:01] SKIP: fuera de horario (2155)
[2026-05-18 22:00:01] === MONITOR LOCAL INICIO 2026-05-18 2200 ===
[2026-05-18 22:00:01] SKIP: fuera de horario (2200)
[2026-05-18 22:05:01] === MONITOR LOCAL INICIO 2026-05-18 2205 ===
[2026-05-18 22:05:01] SKIP: fuera de horario (2205)
[2026-05-18 22:10:01] === MONITOR LOCAL INICIO 2026-05-18 2210 ===
[2026-05-18 22:10:01] SKIP: fuera de horario (2210)
[2026-05-18 22:15:01] === MONITOR LOCAL INICIO 2026-05-18 2215 ===
[2026-05-18 22:15:01] SKIP: fuera de horario (2215)
[2026-05-18 22:20:01] === MONITOR LOCAL INICIO 2026-05-18 2220 ===
[2026-05-18 22:20:01] SKIP: fuera de horario (2220)
[2026-05-18 22:25:01] === MONITOR LOCAL INICIO 2026-05-18 2225 ===
[2026-05-18 22:25:01] SKIP: fuera de horario (2225)
[2026-05-18 22:30:01] === MONITOR LOCAL INICIO 2026-05-18 2230 ===
[2026-05-18 22:30:01] SKIP: fuera de horario (2230)
[2026-05-18 22:35:01] === MONITOR LOCAL INICIO 2026-05-18 2235 ===
[2026-05-18 22:35:01] SKIP: fuera de horario (2235)
[2026-05-18 22:40:01] === MONITOR LOCAL INICIO 2026-05-18 2240 ===
[2026-05-18 22:40:01] SKIP: fuera de horario (2240)
[2026-05-18 22:45:01] === MONITOR LOCAL INICIO 2026-05-18 2245 ===
[2026-05-18 22:45:01] SKIP: fuera de horario (2245)
[2026-05-18 22:50:01] === MONITOR LOCAL INICIO 2026-05-18 2250 ===
[2026-05-18 22:50:01] SKIP: fuera de horario (2250)
[2026-05-18 22:55:01] === MONITOR LOCAL INICIO 2026-05-18 2255 ===
[2026-05-18 22:55:01] SKIP: fuera de horario (2255)
[2026-05-18 23:00:01] === MONITOR LOCAL INICIO 2026-05-18 2300 ===
[2026-05-18 23:00:01] SKIP: fuera de horario (2300)
[2026-05-18 23:05:01] === MONITOR LOCAL INICIO 2026-05-18 2305 ===
[2026-05-18 23:05:01] SKIP: fuera de horario (2305)
[2026-05-18 23:10:01] === MONITOR LOCAL INICIO 2026-05-18 2310 ===
[2026-05-18 23:10:01] SKIP: fuera de horario (2310)
[2026-05-18 23:15:01] === MONITOR LOCAL INICIO 2026-05-18 2315 ===
[2026-05-18 23:15:01] SKIP: fuera de horario (2315)
[2026-05-18 23:20:01] === MONITOR LOCAL INICIO 2026-05-18 2320 ===
[2026-05-18 23:20:01] SKIP: fuera de horario (2320)
[2026-05-18 23:25:01] === MONITOR LOCAL INICIO 2026-05-18 2325 ===
[2026-05-18 23:25:01] SKIP: fuera de horario (2325)
[2026-05-18 23:30:01] === MONITOR LOCAL INICIO 2026-05-18 2330 ===
[2026-05-18 23:30:01] SKIP: fuera de horario (2330)
[2026-05-18 23:35:01] === MONITOR LOCAL INICIO 2026-05-18 2335 ===
[2026-05-18 23:35:01] SKIP: fuera de horario (2335)
[2026-05-18 23:40:01] === MONITOR LOCAL INICIO 2026-05-18 2340 ===
[2026-05-18 23:40:02] SKIP: fuera de horario (2340)
[2026-05-18 23:45:01] === MONITOR LOCAL INICIO 2026-05-18 2345 ===
[2026-05-18 23:45:01] SKIP: fuera de horario (2345)
[2026-05-18 23:50:01] === MONITOR LOCAL INICIO 2026-05-18 2350 ===
[2026-05-18 23:50:01] SKIP: fuera de horario (2350)
[2026-05-18 23:55:01] === MONITOR LOCAL INICIO 2026-05-18 2355 ===
[2026-05-18 23:55:01] SKIP: fuera de horario (2355)
[2026-05-19 00:00:01] === MONITOR LOCAL INICIO 2026-05-19 0000 ===
[2026-05-19 00:00:01] SKIP: fuera de horario (0000)
[2026-05-19 00:05:01] === MONITOR LOCAL INICIO 2026-05-19 0005 ===
[2026-05-19 00:05:01] SKIP: fuera de horario (0005)
[2026-05-19 00:10:01] === MONITOR LOCAL INICIO 2026-05-19 0010 ===
[2026-05-19 00:10:01] SKIP: fuera de horario (0010)
[2026-05-19 00:15:01] === MONITOR LOCAL INICIO 2026-05-19 0015 ===
[2026-05-19 00:15:01] SKIP: fuera de horario (0015)
[2026-05-19 00:20:01] === MONITOR LOCAL INICIO 2026-05-19 0020 ===
[2026-05-19 00:20:01] SKIP: fuera de horario (0020)
[2026-05-19 00:25:01] === MONITOR LOCAL INICIO 2026-05-19 0025 ===
[2026-05-19 00:25:01] SKIP: fuera de horario (0025)
[2026-05-19 00:30:01] === MONITOR LOCAL INICIO 2026-05-19 0030 ===
[2026-05-19 00:30:01] SKIP: fuera de horario (0030)
[2026-05-19 00:35:02] === MONITOR LOCAL INICIO 2026-05-19 0035 ===
[2026-05-19 00:35:02] SKIP: fuera de horario (0035)
[2026-05-19 00:40:01] === MONITOR LOCAL INICIO 2026-05-19 0040 ===
[2026-05-19 00:40:01] SKIP: fuera de horario (0040)
[2026-05-19 00:45:01] === MONITOR LOCAL INICIO 2026-05-19 0045 ===
[2026-05-19 00:45:01] SKIP: fuera de horario (0045)
[2026-05-19 00:50:01] === MONITOR LOCAL INICIO 2026-05-19 0050 ===
[2026-05-19 00:50:01] SKIP: fuera de horario (0050)
[2026-05-19 00:55:01] === MONITOR LOCAL INICIO 2026-05-19 0055 ===
[2026-05-19 00:55:01] SKIP: fuera de horario (0055)
[2026-05-19 01:00:01] === MONITOR LOCAL INICIO 2026-05-19 0100 ===
[2026-05-19 01:00:01] SKIP: fuera de horario (0100)
[2026-05-19 01:05:01] === MONITOR LOCAL INICIO 2026-05-19 0105 ===
[2026-05-19 01:05:01] SKIP: fuera de horario (0105)
[2026-05-19 01:10:01] === MONITOR LOCAL INICIO 2026-05-19 0110 ===
[2026-05-19 01:10:01] SKIP: fuera de horario (0110)
[2026-05-19 01:15:01] === MONITOR LOCAL INICIO 2026-05-19 0115 ===
[2026-05-19 01:15:01] SKIP: fuera de horario (0115)
[2026-05-19 01:20:01] === MONITOR LOCAL INICIO 2026-05-19 0120 ===
[2026-05-19 01:20:01] SKIP: fuera de horario (0120)
[2026-05-19 01:25:01] === MONITOR LOCAL INICIO 2026-05-19 0125 ===
[2026-05-19 01:25:01] SKIP: fuera de horario (0125)
[2026-05-19 01:30:01] === MONITOR LOCAL INICIO 2026-05-19 0130 ===
[2026-05-19 01:30:01] SKIP: fuera de horario (0130)
[2026-05-19 01:35:01] === MONITOR LOCAL INICIO 2026-05-19 0135 ===
[2026-05-19 01:35:01] SKIP: fuera de horario (0135)
[2026-05-19 01:40:01] === MONITOR LOCAL INICIO 2026-05-19 0140 ===
[2026-05-19 01:40:01] SKIP: fuera de horario (0140)
[2026-05-19 01:45:01] === MONITOR LOCAL INICIO 2026-05-19 0145 ===
[2026-05-19 01:45:01] SKIP: fuera de horario (0145)
[2026-05-19 01:50:01] === MONITOR LOCAL INICIO 2026-05-19 0150 ===
[2026-05-19 01:50:01] SKIP: fuera de horario (0150)
[2026-05-19 01:55:01] === MONITOR LOCAL INICIO 2026-05-19 0155 ===
[2026-05-19 01:55:01] SKIP: fuera de horario (0155)
[2026-05-19 02:00:01] === MONITOR LOCAL INICIO 2026-05-19 0200 ===
[2026-05-19 02:00:01] SKIP: fuera de horario (0200)
[2026-05-19 02:05:01] === MONITOR LOCAL INICIO 2026-05-19 0205 ===
[2026-05-19 02:05:01] SKIP: fuera de horario (0205)
[2026-05-19 02:10:01] === MONITOR LOCAL INICIO 2026-05-19 0210 ===
[2026-05-19 02:10:01] SKIP: fuera de horario (0210)
[2026-05-19 02:15:01] === MONITOR LOCAL INICIO 2026-05-19 0215 ===
[2026-05-19 02:15:01] SKIP: fuera de horario (0215)
[2026-05-19 02:20:01] === MONITOR LOCAL INICIO 2026-05-19 0220 ===
[2026-05-19 02:20:01] SKIP: fuera de horario (0220)
[2026-05-19 02:25:01] === MONITOR LOCAL INICIO 2026-05-19 0225 ===
[2026-05-19 02:25:01] SKIP: fuera de horario (0225)
[2026-05-19 02:30:01] === MONITOR LOCAL INICIO 2026-05-19 0230 ===
[2026-05-19 02:30:01] SKIP: fuera de horario (0230)
[2026-05-19 02:35:01] === MONITOR LOCAL INICIO 2026-05-19 0235 ===
[2026-05-19 02:35:01] SKIP: fuera de horario (0235)
[2026-05-19 02:40:01] === MONITOR LOCAL INICIO 2026-05-19 0240 ===
[2026-05-19 02:40:01] SKIP: fuera de horario (0240)
[2026-05-19 02:45:01] === MONITOR LOCAL INICIO 2026-05-19 0245 ===
[2026-05-19 02:45:01] SKIP: fuera de horario (0245)
[2026-05-19 02:50:01] === MONITOR LOCAL INICIO 2026-05-19 0250 ===
[2026-05-19 02:50:01] SKIP: fuera de horario (0250)
[2026-05-19 02:55:01] === MONITOR LOCAL INICIO 2026-05-19 0255 ===
[2026-05-19 02:55:01] SKIP: fuera de horario (0255)
[2026-05-19 03:00:01] === MONITOR LOCAL INICIO 2026-05-19 0300 ===
[2026-05-19 03:00:01] SKIP: fuera de horario (0300)
[2026-05-19 03:05:02] === MONITOR LOCAL INICIO 2026-05-19 0305 ===
[2026-05-19 03:05:02] SKIP: fuera de horario (0305)
[2026-05-19 03:10:01] === MONITOR LOCAL INICIO 2026-05-19 0310 ===
[2026-05-19 03:10:01] SKIP: fuera de horario (0310)
[2026-05-19 03:15:01] === MONITOR LOCAL INICIO 2026-05-19 0315 ===
[2026-05-19 03:15:01] SKIP: fuera de horario (0315)
[2026-05-19 03:20:01] === MONITOR LOCAL INICIO 2026-05-19 0320 ===
[2026-05-19 03:20:01] SKIP: fuera de horario (0320)
[2026-05-19 03:25:01] === MONITOR LOCAL INICIO 2026-05-19 0325 ===
[2026-05-19 03:25:01] SKIP: fuera de horario (0325)
[2026-05-19 03:30:01] === MONITOR LOCAL INICIO 2026-05-19 0330 ===
[2026-05-19 03:30:01] SKIP: fuera de horario (0330)
[2026-05-19 03:35:01] === MONITOR LOCAL INICIO 2026-05-19 0335 ===
[2026-05-19 03:35:01] SKIP: fuera de horario (0335)
[2026-05-19 03:40:01] === MONITOR LOCAL INICIO 2026-05-19 0340 ===
[2026-05-19 03:40:01] SKIP: fuera de horario (0340)
[2026-05-19 03:45:01] === MONITOR LOCAL INICIO 2026-05-19 0345 ===
[2026-05-19 03:45:01] SKIP: fuera de horario (0345)
[2026-05-19 03:50:01] === MONITOR LOCAL INICIO 2026-05-19 0350 ===
[2026-05-19 03:50:01] SKIP: fuera de horario (0350)
[2026-05-19 03:55:01] === MONITOR LOCAL INICIO 2026-05-19 0355 ===
[2026-05-19 03:55:01] SKIP: fuera de horario (0355)
[2026-05-19 04:00:01] === MONITOR LOCAL INICIO 2026-05-19 0400 ===
[2026-05-19 04:00:01] SKIP: fuera de horario (0400)
[2026-05-19 04:05:01] === MONITOR LOCAL INICIO 2026-05-19 0405 ===
[2026-05-19 04:05:01] SKIP: fuera de horario (0405)
[2026-05-19 04:10:01] === MONITOR LOCAL INICIO 2026-05-19 0410 ===
[2026-05-19 04:10:01] SKIP: fuera de horario (0410)
[2026-05-19 04:15:01] === MONITOR LOCAL INICIO 2026-05-19 0415 ===
[2026-05-19 04:15:01] SKIP: fuera de horario (0415)
[2026-05-19 04:20:01] === MONITOR LOCAL INICIO 2026-05-19 0420 ===
[2026-05-19 04:20:01] SKIP: fuera de horario (0420)
[2026-05-19 04:25:01] === MONITOR LOCAL INICIO 2026-05-19 0425 ===
[2026-05-19 04:25:01] SKIP: fuera de horario (0425)
[2026-05-19 04:30:01] === MONITOR LOCAL INICIO 2026-05-19 0430 ===
[2026-05-19 04:30:01] SKIP: fuera de horario (0430)
[2026-05-19 04:35:01] === MONITOR LOCAL INICIO 2026-05-19 0435 ===
[2026-05-19 04:35:01] SKIP: fuera de horario (0435)
[2026-05-19 04:40:01] === MONITOR LOCAL INICIO 2026-05-19 0440 ===
[2026-05-19 04:40:01] SKIP: fuera de horario (0440)
[2026-05-19 04:45:01] === MONITOR LOCAL INICIO 2026-05-19 0445 ===
[2026-05-19 04:45:01] SKIP: fuera de horario (0445)
[2026-05-19 04:50:01] === MONITOR LOCAL INICIO 2026-05-19 0450 ===
[2026-05-19 04:50:01] SKIP: fuera de horario (0450)
[2026-05-19 04:55:01] === MONITOR LOCAL INICIO 2026-05-19 0455 ===
[2026-05-19 04:55:01] SKIP: fuera de horario (0455)
[2026-05-19 05:00:01] === MONITOR LOCAL INICIO 2026-05-19 0500 ===
[2026-05-19 05:00:01] SKIP: fuera de horario (0500)
[2026-05-19 05:05:01] === MONITOR LOCAL INICIO 2026-05-19 0505 ===
[2026-05-19 05:05:01] SKIP: fuera de horario (0505)
[2026-05-19 05:10:01] === MONITOR LOCAL INICIO 2026-05-19 0510 ===
[2026-05-19 05:10:01] SKIP: fuera de horario (0510)
[2026-05-19 05:15:01] === MONITOR LOCAL INICIO 2026-05-19 0515 ===
[2026-05-19 05:15:01] SKIP: fuera de horario (0515)
[2026-05-19 05:20:01] === MONITOR LOCAL INICIO 2026-05-19 0520 ===
[2026-05-19 05:20:01] SKIP: fuera de horario (0520)
[2026-05-19 05:25:01] === MONITOR LOCAL INICIO 2026-05-19 0525 ===
[2026-05-19 05:25:01] SKIP: fuera de horario (0525)
[2026-05-19 05:30:01] === MONITOR LOCAL INICIO 2026-05-19 0530 ===
[2026-05-19 05:30:01] SKIP: fuera de horario (0530)
[2026-05-19 05:35:01] === MONITOR LOCAL INICIO 2026-05-19 0535 ===
[2026-05-19 05:35:01] SKIP: fuera de horario (0535)
[2026-05-19 05:40:01] === MONITOR LOCAL INICIO 2026-05-19 0540 ===
[2026-05-19 05:40:01] SKIP: fuera de horario (0540)
[2026-05-19 05:45:01] === MONITOR LOCAL INICIO 2026-05-19 0545 ===
[2026-05-19 05:45:01] SKIP: fuera de horario (0545)
[2026-05-19 05:50:01] === MONITOR LOCAL INICIO 2026-05-19 0550 ===
[2026-05-19 05:50:01] SKIP: fuera de horario (0550)
[2026-05-19 05:55:01] === MONITOR LOCAL INICIO 2026-05-19 0555 ===
[2026-05-19 05:55:01] SKIP: fuera de horario (0555)
[2026-05-19 06:00:01] === MONITOR LOCAL INICIO 2026-05-19 0600 ===
[2026-05-19 06:00:01] SKIP: fuera de horario (0600)
[2026-05-19 06:05:01] === MONITOR LOCAL INICIO 2026-05-19 0605 ===
[2026-05-19 06:05:01] SKIP: fuera de horario (0605)
[2026-05-19 06:10:01] === MONITOR LOCAL INICIO 2026-05-19 0610 ===
[2026-05-19 06:10:01] SKIP: fuera de horario (0610)
[2026-05-19 06:15:01] === MONITOR LOCAL INICIO 2026-05-19 0615 ===
[2026-05-19 06:15:01] SKIP: fuera de horario (0615)
[2026-05-19 06:20:01] === MONITOR LOCAL INICIO 2026-05-19 0620 ===
[2026-05-19 06:20:01] SKIP: fuera de horario (0620)
[2026-05-19 06:25:01] === MONITOR LOCAL INICIO 2026-05-19 0625 ===
[2026-05-19 06:25:01] SKIP: fuera de horario (0625)
[2026-05-19 06:30:01] === MONITOR LOCAL INICIO 2026-05-19 0630 ===
[2026-05-19 06:30:01] SKIP: fuera de horario (0630)
[2026-05-19 06:35:01] === MONITOR LOCAL INICIO 2026-05-19 0635 ===
[2026-05-19 06:35:01] SKIP: fuera de horario (0635)
[2026-05-19 06:40:01] === MONITOR LOCAL INICIO 2026-05-19 0640 ===
[2026-05-19 06:40:01] SKIP: fuera de horario (0640)
[2026-05-19 06:45:01] === MONITOR LOCAL INICIO 2026-05-19 0645 ===
[2026-05-19 06:45:01] SKIP: fuera de horario (0645)
[2026-05-19 06:50:01] === MONITOR LOCAL INICIO 2026-05-19 0650 ===
[2026-05-19 06:50:01] SKIP: fuera de horario (0650)
[2026-05-19 06:55:01] === MONITOR LOCAL INICIO 2026-05-19 0655 ===
[2026-05-19 06:55:01] SKIP: fuera de horario (0655)
[2026-05-19 07:00:01] === MONITOR LOCAL INICIO 2026-05-19 0700 ===
[2026-05-19 07:00:01] SKIP: fuera de horario (0700)
[2026-05-19 07:05:01] === MONITOR LOCAL INICIO 2026-05-19 0705 ===
[2026-05-19 07:05:01] SKIP: fuera de horario (0705)
[2026-05-19 07:10:01] === MONITOR LOCAL INICIO 2026-05-19 0710 ===
[2026-05-19 07:10:01] SKIP: fuera de horario (0710)
[2026-05-19 07:15:01] === MONITOR LOCAL INICIO 2026-05-19 0715 ===
[2026-05-19 07:15:01] SKIP: fuera de horario (0715)
[2026-05-19 07:20:01] === MONITOR LOCAL INICIO 2026-05-19 0720 ===
[2026-05-19 07:20:01] SKIP: fuera de horario (0720)
[2026-05-19 07:25:01] === MONITOR LOCAL INICIO 2026-05-19 0725 ===
[2026-05-19 07:25:01] SKIP: fuera de horario (0725)
[2026-05-19 07:30:02] === MONITOR LOCAL INICIO 2026-05-19 0730 ===
[2026-05-19 07:30:02] SKIP: fuera de horario (0730)
[2026-05-19 07:35:01] === MONITOR LOCAL INICIO 2026-05-19 0735 ===
[2026-05-19 07:35:01] SKIP: fuera de horario (0735)
[2026-05-19 07:40:02] === MONITOR LOCAL INICIO 2026-05-19 0740 ===
[2026-05-19 07:40:02] SKIP: fuera de horario (0740)
[2026-05-19 07:45:01] === MONITOR LOCAL INICIO 2026-05-19 0745 ===
[2026-05-19 07:45:01] SKIP: fuera de horario (0745)
[2026-05-19 07:50:01] === MONITOR LOCAL INICIO 2026-05-19 0750 ===
[2026-05-19 07:50:01] SKIP: fuera de horario (0750)
[2026-05-19 07:55:01] === MONITOR LOCAL INICIO 2026-05-19 0755 ===
[2026-05-19 07:55:02] SKIP: fuera de horario (0755)
[2026-05-19 08:00:02] === MONITOR LOCAL INICIO 2026-05-19 0800 ===
/mnt/c/dashboard/Github/scripts/monitor_local.sh: line 373: [[: 0800: value too great for base (error token is "0800")
/mnt/c/dashboard/Github/scripts/monitor_local.sh: line 373: [[: 0800: value too great for base (error token is "0800")
[2026-05-19 08:00:02] WATCHDOG: Sin datos en mercado
/mnt/c/dashboard/Github/scripts/monitor_local.sh: line 34: [[: 0800: value too great for base (error token is "0800")
[2026-05-19 08:00:02] === MONITOR LOCAL FIN ===
[2026-05-19 08:05:02] === MONITOR LOCAL INICIO 2026-05-19 0805 ===
/mnt/c/dashboard/Github/scripts/monitor_local.sh: line 373: [[: 0805: value too great for base (error token is "0805")
/mnt/c/dashboard/Github/scripts/monitor_local.sh: line 373: [[: 0805: value too great for base (error token is "0805")
[2026-05-19 08:05:03] WATCHDOG: Sin datos en mercado
/mnt/c/dashboard/Github/scripts/monitor_local.sh: line 34: [[: 0805: value too great for base (error token is "0805")
[2026-05-19 08:05:03] === MONITOR LOCAL FIN ===
[2026-05-19 08:10:01] === MONITOR LOCAL INICIO 2026-05-19 0810 ===
/mnt/c/dashboard/Github/scripts/monitor_local.sh: line 373: [[: 0810: value too great for base (error token is "0810")
/mnt/c/dashboard/Github/scripts/monitor_local.sh: line 373: [[: 0810: value too great for base (error token is "0810")
[2026-05-19 08:10:02] WATCHDOG: Sin datos en mercado
/mnt/c/dashboard/Github/scripts/monitor_local.sh: line 34: [[: 0810: value too great for base (error token is "0810")
[2026-05-19 08:10:02] === MONITOR LOCAL FIN ===
[2026-05-19 08:15:01] === MONITOR LOCAL INICIO 2026-05-19 0815 ===
/mnt/c/dashboard/Github/scripts/monitor_local.sh: line 373: [[: 0815: value too great for base (error token is "0815")
/mnt/c/dashboard/Github/scripts/monitor_local.sh: line 373: [[: 0815: value too great for base (error token is "0815")
[2026-05-19 08:15:01] WATCHDOG: Sin datos en mercado
/mnt/c/dashboard/Github/scripts/monitor_local.sh: line 34: [[: 0815: value too great for base (error token is "0815")
[2026-05-19 08:15:01] === MONITOR LOCAL FIN ===
[2026-05-19 08:20:01] === MONITOR LOCAL INICIO 2026-05-19 0820 ===
/mnt/c/dashboard/Github/scripts/monitor_local.sh: line 373: [[: 0820: value too great for base (error token is "0820")
/mnt/c/dashboard/Github/scripts/monitor_local.sh: line 373: [[: 0820: value too great for base (error token is "0820")
[2026-05-19 08:20:02] WATCHDOG: Sin datos en mercado
/mnt/c/dashboard/Github/scripts/monitor_local.sh: line 34: [[: 0820: value too great for base (error token is "0820")
[2026-05-19 08:20:02] === MONITOR LOCAL FIN ===
[2026-05-19 08:25:01] === MONITOR LOCAL INICIO 2026-05-19 0825 ===
/mnt/c/dashboard/Github/scripts/monitor_local.sh: line 373: [[: 0825: value too great for base (error token is "0825")
/mnt/c/dashboard/Github/scripts/monitor_local.sh: line 373: [[: 0825: value too great for base (error token is "0825")
[2026-05-19 08:25:02] WATCHDOG: Sin datos en mercado
/mnt/c/dashboard/Github/scripts/monitor_local.sh: line 34: [[: 0825: value too great for base (error token is "0825")
[2026-05-19 08:25:02] === MONITOR LOCAL FIN ===
[2026-05-19 08:30:01] === MONITOR LOCAL INICIO 2026-05-19 0830 ===
/mnt/c/dashboard/Github/scripts/monitor_local.sh: line 373: [[: 0830: value too great for base (error token is "0830")
/mnt/c/dashboard/Github/scripts/monitor_local.sh: line 373: [[: 0830: value too great for base (error token is "0830")
[2026-05-19 08:30:02] WATCHDOG: Sin datos en mercado
/mnt/c/dashboard/Github/scripts/monitor_local.sh: line 34: [[: 0830: value too great for base (error token is "0830")
[2026-05-19 08:30:02] === MONITOR LOCAL FIN ===
[2026-05-19 08:35:01] === MONITOR LOCAL INICIO 2026-05-19 0835 ===
/mnt/c/dashboard/Github/scripts/monitor_local.sh: line 373: [[: 0835: value too great for base (error token is "0835")
/mnt/c/dashboard/Github/scripts/monitor_local.sh: line 373: [[: 0835: value too great for base (error token is "0835")
[2026-05-19 08:35:01] WATCHDOG: Sin datos en mercado
/mnt/c/dashboard/Github/scripts/monitor_local.sh: line 34: [[: 0835: value too great for base (error token is "0835")
[2026-05-19 08:35:01] === MONITOR LOCAL FIN ===
[2026-05-19 08:40:01] === MONITOR LOCAL INICIO 2026-05-19 0840 ===
/mnt/c/dashboard/Github/scripts/monitor_local.sh: line 373: [[: 0840: value too great for base (error token is "0840")
/mnt/c/dashboard/Github/scripts/monitor_local.sh: line 373: [[: 0840: value too great for base (error token is "0840")
[2026-05-19 08:40:02] WATCHDOG: Sin datos en mercado
/mnt/c/dashboard/Github/scripts/monitor_local.sh: line 34: [[: 0840: value too great for base (error token is "0840")
[2026-05-19 08:40:02] === MONITOR LOCAL FIN ===
[2026-05-19 08:45:01] === MONITOR LOCAL INICIO 2026-05-19 0845 ===
/mnt/c/dashboard/Github/scripts/monitor_local.sh: line 373: [[: 0845: value too great for base (error token is "0845")
/mnt/c/dashboard/Github/scripts/monitor_local.sh: line 373: [[: 0845: value too great for base (error token is "0845")
[2026-05-19 08:45:02] WATCHDOG: Sin datos en mercado
/mnt/c/dashboard/Github/scripts/monitor_local.sh: line 34: [[: 0845: value too great for base (error token is "0845")
[2026-05-19 08:45:02] === MONITOR LOCAL FIN ===
[2026-05-19 08:50:01] === MONITOR LOCAL INICIO 2026-05-19 0850 ===
/mnt/c/dashboard/Github/scripts/monitor_local.sh: line 373: [[: 0850: value too great for base (error token is "0850")
/mnt/c/dashboard/Github/scripts/monitor_local.sh: line 373: [[: 0850: value too great for base (error token is "0850")
[2026-05-19 08:50:01] WATCHDOG: Sin datos en mercado
/mnt/c/dashboard/Github/scripts/monitor_local.sh: line 34: [[: 0850: value too great for base (error token is "0850")
[2026-05-19 08:50:01] === MONITOR LOCAL FIN ===
[2026-05-19 08:55:01] === MONITOR LOCAL INICIO 2026-05-19 0855 ===
/mnt/c/dashboard/Github/scripts/monitor_local.sh: line 373: [[: 0855: value too great for base (error token is "0855")
/mnt/c/dashboard/Github/scripts/monitor_local.sh: line 373: [[: 0855: value too great for base (error token is "0855")
[2026-05-19 08:55:02] WATCHDOG: Sin datos en mercado
/mnt/c/dashboard/Github/scripts/monitor_local.sh: line 34: [[: 0855: value too great for base (error token is "0855")
[2026-05-19 08:55:02] === MONITOR LOCAL FIN ===
[2026-05-19 09:00:01] === MONITOR LOCAL INICIO 2026-05-19 0900 ===
/mnt/c/dashboard/Github/scripts/monitor_local.sh: line 373: [[: 0900: value too great for base (error token is "0900")
/mnt/c/dashboard/Github/scripts/monitor_local.sh: line 373: [[: 0900: value too great for base (error token is "0900")
[2026-05-19 09:00:02] WATCHDOG: Sin datos en mercado
/mnt/c/dashboard/Github/scripts/monitor_local.sh: line 34: [[: 0900: value too great for base (error token is "0900")
[2026-05-19 09:00:02] === MONITOR LOCAL FIN ===
[2026-05-19 09:05:01] === MONITOR LOCAL INICIO 2026-05-19 0905 ===
/mnt/c/dashboard/Github/scripts/monitor_local.sh: line 373: [[: 0905: value too great for base (error token is "0905")
/mnt/c/dashboard/Github/scripts/monitor_local.sh: line 373: [[: 0905: value too great for base (error token is "0905")
[2026-05-19 09:05:01] WATCHDOG: Sin datos en mercado
/mnt/c/dashboard/Github/scripts/monitor_local.sh: line 34: [[: 0905: value too great for base (error token is "0905")
[2026-05-19 09:05:01] === MONITOR LOCAL FIN ===
[2026-05-19 09:10:01] === MONITOR LOCAL INICIO 2026-05-19 0910 ===
/mnt/c/dashboard/Github/scripts/monitor_local.sh: line 373: [[: 0910: value too great for base (error token is "0910")
/mnt/c/dashboard/Github/scripts/monitor_local.sh: line 373: [[: 0910: value too great for base (error token is "0910")
[2026-05-19 09:10:02] WATCHDOG: Sin datos en mercado
/mnt/c/dashboard/Github/scripts/monitor_local.sh: line 34: [[: 0910: value too great for base (error token is "0910")
[2026-05-19 09:10:02] === MONITOR LOCAL FIN ===
[2026-05-19 09:15:01] === MONITOR LOCAL INICIO 2026-05-19 0915 ===
/mnt/c/dashboard/Github/scripts/monitor_local.sh: line 373: [[: 0915: value too great for base (error token is "0915")
/mnt/c/dashboard/Github/scripts/monitor_local.sh: line 373: [[: 0915: value too great for base (error token is "0915")
[2026-05-19 09:15:02] WATCHDOG: Sin datos en mercado
/mnt/c/dashboard/Github/scripts/monitor_local.sh: line 34: [[: 0915: value too great for base (error token is "0915")
[2026-05-19 09:15:02] === MONITOR LOCAL FIN ===
[2026-05-19 09:20:01] === MONITOR LOCAL INICIO 2026-05-19 0920 ===
/mnt/c/dashboard/Github/scripts/monitor_local.sh: line 373: [[: 0920: value too great for base (error token is "0920")
/mnt/c/dashboard/Github/scripts/monitor_local.sh: line 373: [[: 0920: value too great for base (error token is "0920")
[2026-05-19 09:20:02] WATCHDOG: Sin datos en mercado
/mnt/c/dashboard/Github/scripts/monitor_local.sh: line 34: [[: 0920: value too great for base (error token is "0920")
[2026-05-19 09:20:02] === MONITOR LOCAL FIN ===
[2026-05-19 09:25:01] === MONITOR LOCAL INICIO 2026-05-19 0925 ===
/mnt/c/dashboard/Github/scripts/monitor_local.sh: line 373: [[: 0925: value too great for base (error token is "0925")
/mnt/c/dashboard/Github/scripts/monitor_local.sh: line 373: [[: 0925: value too great for base (error token is "0925")
[2026-05-19 09:25:01] WATCHDOG: Sin datos en mercado
/mnt/c/dashboard/Github/scripts/monitor_local.sh: line 34: [[: 0925: value too great for base (error token is "0925")
[2026-05-19 09:25:01] === MONITOR LOCAL FIN ===
[2026-05-19 09:30:01] === MONITOR LOCAL INICIO 2026-05-19 0930 ===
/mnt/c/dashboard/Github/scripts/monitor_local.sh: line 373: [[: 0930: value too great for base (error token is "0930")
/mnt/c/dashboard/Github/scripts/monitor_local.sh: line 373: [[: 0930: value too great for base (error token is "0930")
[2026-05-19 09:30:03] WATCHDOG: Sin datos en mercado
/mnt/c/dashboard/Github/scripts/monitor_local.sh: line 34: [[: 0930: value too great for base (error token is "0930")
[2026-05-19 09:30:03] === MONITOR LOCAL FIN ===
[2026-05-19 09:35:01] === MONITOR LOCAL INICIO 2026-05-19 0935 ===
/mnt/c/dashboard/Github/scripts/monitor_local.sh: line 373: [[: 0935: value too great for base (error token is "0935")
/mnt/c/dashboard/Github/scripts/monitor_local.sh: line 373: [[: 0935: value too great for base (error token is "0935")
[2026-05-19 09:35:02] WATCHDOG: Sin datos en mercado
/mnt/c/dashboard/Github/scripts/monitor_local.sh: line 34: [[: 0935: value too great for base (error token is "0935")
[2026-05-19 09:35:02] === MONITOR LOCAL FIN ===
[2026-05-19 09:40:01] === MONITOR LOCAL INICIO 2026-05-19 0940 ===
/mnt/c/dashboard/Github/scripts/monitor_local.sh: line 373: [[: 0940: value too great for base (error token is "0940")
/mnt/c/dashboard/Github/scripts/monitor_local.sh: line 373: [[: 0940: value too great for base (error token is "0940")
[2026-05-19 09:40:03] WATCHDOG: Sin datos en mercado
/mnt/c/dashboard/Github/scripts/monitor_local.sh: line 34: [[: 0940: value too great for base (error token is "0940")
[2026-05-19 09:40:03] === MONITOR LOCAL FIN ===
[2026-05-19 09:45:01] === MONITOR LOCAL INICIO 2026-05-19 0945 ===
/mnt/c/dashboard/Github/scripts/monitor_local.sh: line 373: [[: 0945: value too great for base (error token is "0945")
/mnt/c/dashboard/Github/scripts/monitor_local.sh: line 373: [[: 0945: value too great for base (error token is "0945")
[2026-05-19 09:45:02] WATCHDOG: Sin datos en mercado
/mnt/c/dashboard/Github/scripts/monitor_local.sh: line 34: [[: 0945: value too great for base (error token is "0945")
[2026-05-19 09:45:02] === MONITOR LOCAL FIN ===
[2026-05-19 09:50:01] === MONITOR LOCAL INICIO 2026-05-19 0950 ===
/mnt/c/dashboard/Github/scripts/monitor_local.sh: line 373: [[: 0950: value too great for base (error token is "0950")
/mnt/c/dashboard/Github/scripts/monitor_local.sh: line 373: [[: 0950: value too great for base (error token is "0950")
[2026-05-19 09:50:01] WATCHDOG: Sin datos en mercado
/mnt/c/dashboard/Github/scripts/monitor_local.sh: line 34: [[: 0950: value too great for base (error token is "0950")
[2026-05-19 09:50:01] === MONITOR LOCAL FIN ===
[2026-05-19 09:55:01] === MONITOR LOCAL INICIO 2026-05-19 0955 ===
/mnt/c/dashboard/Github/scripts/monitor_local.sh: line 373: [[: 0955: value too great for base (error token is "0955")
/mnt/c/dashboard/Github/scripts/monitor_local.sh: line 373: [[: 0955: value too great for base (error token is "0955")
[2026-05-19 09:55:02] WATCHDOG: Sin datos en mercado
/mnt/c/dashboard/Github/scripts/monitor_local.sh: line 34: [[: 0955: value too great for base (error token is "0955")
[2026-05-19 09:55:02] === MONITOR LOCAL FIN ===
[2026-05-19 10:00:01] === MONITOR LOCAL INICIO 2026-05-19 1000 ===
[2026-05-19 10:00:01] SKIP: fuera de horario (1000)
[2026-05-19 10:05:01] === MONITOR LOCAL INICIO 2026-05-19 1005 ===
[2026-05-19 10:05:01] SKIP: fuera de horario (1005)
[2026-05-19 10:10:01] === MONITOR LOCAL INICIO 2026-05-19 1010 ===
[2026-05-19 10:10:01] SKIP: fuera de horario (1010)
[2026-05-19 10:15:01] === MONITOR LOCAL INICIO 2026-05-19 1015 ===
[2026-05-19 10:15:01] SKIP: fuera de horario (1015)
[2026-05-19 10:20:01] === MONITOR LOCAL INICIO 2026-05-19 1020 ===
[2026-05-19 10:20:01] SKIP: fuera de horario (1020)
[2026-05-19 10:25:01] === MONITOR LOCAL INICIO 2026-05-19 1025 ===
[2026-05-19 10:25:01] SKIP: fuera de horario (1025)
[2026-05-19 10:30:01] === MONITOR LOCAL INICIO 2026-05-19 1030 ===
[2026-05-19 10:30:01] SKIP: fuera de horario (1030)
[2026-05-19 10:35:01] === MONITOR LOCAL INICIO 2026-05-19 1035 ===
[2026-05-19 10:35:01] SKIP: fuera de horario (1035)
[2026-05-19 10:40:02] === MONITOR LOCAL INICIO 2026-05-19 1040 ===
[2026-05-19 10:40:02] WATCHDOG: Sin datos en mercado
[2026-05-19 10:40:02] === MONITOR LOCAL FIN ===
[2026-05-19 10:45:01] === MONITOR LOCAL INICIO 2026-05-19 1045 ===
[2026-05-19 10:45:02] WATCHDOG: Sin datos en mercado
[2026-05-19 10:45:02] === MONITOR LOCAL FIN ===
[2026-05-19 10:50:01] === MONITOR LOCAL INICIO 2026-05-19 1050 ===
[2026-05-19 10:50:02] WATCHDOG: Sin datos en mercado
[2026-05-19 10:50:02] === MONITOR LOCAL FIN ===
[2026-05-19 10:55:01] === MONITOR LOCAL INICIO 2026-05-19 1055 ===
[2026-05-19 10:55:01] WATCHDOG: Sin datos en mercado
[2026-05-19 10:55:01] === MONITOR LOCAL FIN ===
[2026-05-19 11:00:01] === MONITOR LOCAL INICIO 2026-05-19 1100 ===
[2026-05-19 11:00:02] WATCHDOG: Sin datos en mercado
[2026-05-19 11:00:02] === MONITOR LOCAL FIN ===
[2026-05-19 11:05:01] === MONITOR LOCAL INICIO 2026-05-19 1105 ===
[2026-05-19 11:05:01] WATCHDOG: Sin datos en mercado
[2026-05-19 11:05:01] === MONITOR LOCAL FIN ===
[2026-05-19 11:10:01] === MONITOR LOCAL INICIO 2026-05-19 1110 ===
[2026-05-19 11:10:01] WATCHDOG: Sin datos en mercado
[2026-05-19 11:10:01] === MONITOR LOCAL FIN ===
[2026-05-19 11:15:01] === MONITOR LOCAL INICIO 2026-05-19 1115 ===
[2026-05-19 11:15:01] WATCHDOG: Sin datos en mercado
[2026-05-19 11:15:01] === MONITOR LOCAL FIN ===
[2026-05-19 11:20:01] === MONITOR LOCAL INICIO 2026-05-19 1120 ===
[2026-05-19 11:20:01] WATCHDOG: Sin datos en mercado
[2026-05-19 11:20:01] === MONITOR LOCAL FIN ===
[2026-05-19 11:25:01] === MONITOR LOCAL INICIO 2026-05-19 1125 ===
[2026-05-19 11:25:02] WATCHDOG: Sin datos en mercado
[2026-05-19 11:25:02] === MONITOR LOCAL FIN ===
[2026-05-19 11:30:01] === MONITOR LOCAL INICIO 2026-05-19 1130 ===
[2026-05-19 11:30:02] WATCHDOG: Sin datos en mercado
[2026-05-19 11:30:02] === MONITOR LOCAL FIN ===
[2026-05-19 11:35:01] === MONITOR LOCAL INICIO 2026-05-19 1135 ===
[2026-05-19 11:35:02] WATCHDOG: Sin datos en mercado
[2026-05-19 11:35:02] === MONITOR LOCAL FIN ===
[2026-05-19 11:40:01] === MONITOR LOCAL INICIO 2026-05-19 1140 ===
[2026-05-19 11:40:01] WATCHDOG: Sin datos en mercado
[2026-05-19 11:40:01] === MONITOR LOCAL FIN ===
[2026-05-19 11:45:01] === MONITOR LOCAL INICIO 2026-05-19 1145 ===
[2026-05-19 11:45:02] WATCHDOG: Sin datos en mercado
[2026-05-19 11:45:02] === MONITOR LOCAL FIN ===
[2026-05-19 11:50:01] === MONITOR LOCAL INICIO 2026-05-19 1150 ===
[2026-05-19 11:50:02] WATCHDOG: Sin datos en mercado
[2026-05-19 11:50:02] === MONITOR LOCAL FIN ===
[2026-05-19 11:55:01] === MONITOR LOCAL INICIO 2026-05-19 1155 ===
[2026-05-19 11:55:02] WATCHDOG: Sin datos en mercado
[2026-05-19 11:55:02] === MONITOR LOCAL FIN ===
[2026-05-19 12:00:01] === MONITOR LOCAL INICIO 2026-05-19 1200 ===
[2026-05-19 12:00:01] WATCHDOG: Sin datos en mercado
[2026-05-19 12:00:01] === MONITOR LOCAL FIN ===
[2026-05-19 12:05:01] === MONITOR LOCAL INICIO 2026-05-19 1205 ===
[2026-05-19 12:05:01] WATCHDOG: Sin datos en mercado
[2026-05-19 12:05:01] === MONITOR LOCAL FIN ===
[2026-05-19 12:10:01] === MONITOR LOCAL INICIO 2026-05-19 1210 ===
[2026-05-19 12:10:01] WATCHDOG: Sin datos en mercado
[2026-05-19 12:10:01] === MONITOR LOCAL FIN ===
[2026-05-19 12:15:01] === MONITOR LOCAL INICIO 2026-05-19 1215 ===
[2026-05-19 12:15:01] WATCHDOG: Sin datos en mercado
[2026-05-19 12:15:01] === MONITOR LOCAL FIN ===
[2026-05-19 12:20:01] === MONITOR LOCAL INICIO 2026-05-19 1220 ===
[2026-05-19 12:20:02] WATCHDOG: Sin datos en mercado
[2026-05-19 12:20:02] === MONITOR LOCAL FIN ===
[2026-05-19 12:25:01] === MONITOR LOCAL INICIO 2026-05-19 1225 ===
[2026-05-19 12:25:02] WATCHDOG: Sin datos en mercado
[2026-05-19 12:25:02] === MONITOR LOCAL FIN ===
[2026-05-19 12:30:01] === MONITOR LOCAL INICIO 2026-05-19 1230 ===
[2026-05-19 12:30:01] WATCHDOG: Sin datos en mercado
[2026-05-19 12:30:01] === MONITOR LOCAL FIN ===
[2026-05-19 12:35:01] === MONITOR LOCAL INICIO 2026-05-19 1235 ===
[2026-05-19 12:35:02] WATCHDOG: Sin datos en mercado
[2026-05-19 12:35:02] === MONITOR LOCAL FIN ===
[2026-05-19 12:40:01] === MONITOR LOCAL INICIO 2026-05-19 1240 ===
[2026-05-19 12:40:02] WATCHDOG: Sin datos en mercado
[2026-05-19 12:40:02] === MONITOR LOCAL FIN ===
[2026-05-19 12:45:01] === MONITOR LOCAL INICIO 2026-05-19 1245 ===
[2026-05-19 12:45:01] WATCHDOG: Sin datos en mercado
[2026-05-19 12:45:01] === MONITOR LOCAL FIN ===
[2026-05-19 12:50:01] === MONITOR LOCAL INICIO 2026-05-19 1250 ===
[2026-05-19 12:50:02] WATCHDOG: Sin datos en mercado
[2026-05-19 12:50:02] === MONITOR LOCAL FIN ===
[2026-05-19 12:55:01] === MONITOR LOCAL INICIO 2026-05-19 1255 ===
[2026-05-19 12:55:02] WATCHDOG: Sin datos en mercado
[2026-05-19 12:55:02] === MONITOR LOCAL FIN ===
[2026-05-19 13:00:01] === MONITOR LOCAL INICIO 2026-05-19 1300 ===
[2026-05-19 13:00:01] WATCHDOG: Sin datos en mercado
[2026-05-19 13:00:01] === MONITOR LOCAL FIN ===
[2026-05-19 13:05:02] === MONITOR LOCAL INICIO 2026-05-19 1305 ===
[2026-05-19 13:05:03] WATCHDOG: Sin datos en mercado
[2026-05-19 13:05:03] === MONITOR LOCAL FIN ===
[2026-05-19 13:10:01] === MONITOR LOCAL INICIO 2026-05-19 1310 ===
[2026-05-19 13:10:01] WATCHDOG: Sin datos en mercado
[2026-05-19 13:10:01] === MONITOR LOCAL FIN ===
[2026-05-19 13:15:01] === MONITOR LOCAL INICIO 2026-05-19 1315 ===
[2026-05-19 13:15:01] WATCHDOG: Sin datos en mercado
[2026-05-19 13:15:01] === MONITOR LOCAL FIN ===
[2026-05-19 13:20:02] === MONITOR LOCAL INICIO 2026-05-19 1320 ===
[2026-05-19 13:20:02] WATCHDOG: Sin datos en mercado
[2026-05-19 13:20:02] === MONITOR LOCAL FIN ===
[2026-05-19 13:25:01] === MONITOR LOCAL INICIO 2026-05-19 1325 ===
[2026-05-19 13:25:02] WATCHDOG: Sin datos en mercado
[2026-05-19 13:25:02] === MONITOR LOCAL FIN ===
[2026-05-19 13:30:01] === MONITOR LOCAL INICIO 2026-05-19 1330 ===
[2026-05-19 13:30:01] WATCHDOG: Sin datos en mercado
[2026-05-19 13:30:01] === MONITOR LOCAL FIN ===
[2026-05-19 13:35:02] === MONITOR LOCAL INICIO 2026-05-19 1335 ===
[2026-05-19 13:35:02] WATCHDOG: Sin datos en mercado
[2026-05-19 13:35:02] === MONITOR LOCAL FIN ===
[2026-05-19 13:40:01] === MONITOR LOCAL INICIO 2026-05-19 1340 ===
[2026-05-19 13:40:02] WATCHDOG: Sin datos en mercado
[2026-05-19 13:40:02] === MONITOR LOCAL FIN ===
[2026-05-19 13:45:01] === MONITOR LOCAL INICIO 2026-05-19 1345 ===
[2026-05-19 13:45:01] WATCHDOG: Sin datos en mercado
[2026-05-19 13:45:01] === MONITOR LOCAL FIN ===
[2026-05-19 13:50:01] === MONITOR LOCAL INICIO 2026-05-19 1350 ===
[2026-05-19 13:50:02] WATCHDOG: Sin datos en mercado
[2026-05-19 13:50:02] === MONITOR LOCAL FIN ===
[2026-05-19 13:55:01] === MONITOR LOCAL INICIO 2026-05-19 1355 ===
[2026-05-19 13:55:02] WATCHDOG: Sin datos en mercado
[2026-05-19 13:55:02] === MONITOR LOCAL FIN ===
[2026-05-19 14:00:01] === MONITOR LOCAL INICIO 2026-05-19 1400 ===
[2026-05-19 14:00:01] WATCHDOG: Sin datos en mercado
[2026-05-19 14:00:01] === MONITOR LOCAL FIN ===
[2026-05-19 14:05:01] === MONITOR LOCAL INICIO 2026-05-19 1405 ===
[2026-05-19 14:05:02] WATCHDOG: Sin datos en mercado
[2026-05-19 14:05:02] === MONITOR LOCAL FIN ===
[2026-05-19 14:10:01] === MONITOR LOCAL INICIO 2026-05-19 1410 ===
[2026-05-19 14:10:01] WATCHDOG: Sin datos en mercado
[2026-05-19 14:10:01] === MONITOR LOCAL FIN ===
[2026-05-19 14:15:01] === MONITOR LOCAL INICIO 2026-05-19 1415 ===
[2026-05-19 14:15:02] WATCHDOG: Sin datos en mercado
[2026-05-19 14:15:02] === MONITOR LOCAL FIN ===
[2026-05-19 14:20:01] === MONITOR LOCAL INICIO 2026-05-19 1420 ===
[2026-05-19 14:20:02] WATCHDOG: Sin datos en mercado
[2026-05-19 14:20:02] === MONITOR LOCAL FIN ===
[2026-05-19 14:25:01] === MONITOR LOCAL INICIO 2026-05-19 1425 ===
[2026-05-19 14:25:02] WATCHDOG: Sin datos en mercado
[2026-05-19 14:25:02] === MONITOR LOCAL FIN ===
[2026-05-19 14:30:01] === MONITOR LOCAL INICIO 2026-05-19 1430 ===
[2026-05-19 14:30:01] WATCHDOG: Sin datos en mercado
[2026-05-19 14:30:01] === MONITOR LOCAL FIN ===
[2026-05-19 14:35:01] === MONITOR LOCAL INICIO 2026-05-19 1435 ===
[2026-05-19 14:35:02] WATCHDOG: Sin datos en mercado
[2026-05-19 14:35:02] === MONITOR LOCAL FIN ===
[2026-05-19 14:40:01] === MONITOR LOCAL INICIO 2026-05-19 1440 ===
[2026-05-19 14:40:02] WATCHDOG: Sin datos en mercado
[2026-05-19 14:40:02] === MONITOR LOCAL FIN ===
[2026-05-19 14:45:01] === MONITOR LOCAL INICIO 2026-05-19 1445 ===
[2026-05-19 14:45:01] WATCHDOG: Sin datos en mercado
[2026-05-19 14:45:01] === MONITOR LOCAL FIN ===
[2026-05-19 14:50:01] === MONITOR LOCAL INICIO 2026-05-19 1450 ===
[2026-05-19 14:50:02] WATCHDOG: Sin datos en mercado
[2026-05-19 14:50:02] === MONITOR LOCAL FIN ===
[2026-05-19 14:55:01] === MONITOR LOCAL INICIO 2026-05-19 1455 ===
[2026-05-19 14:55:02] WATCHDOG: Sin datos en mercado
[2026-05-19 14:55:02] === MONITOR LOCAL FIN ===
[2026-05-19 15:00:01] === MONITOR LOCAL INICIO 2026-05-19 1500 ===
[2026-05-19 15:00:01] WATCHDOG: Sin datos en mercado
[2026-05-19 15:00:01] === MONITOR LOCAL FIN ===
[2026-05-19 15:05:01] === MONITOR LOCAL INICIO 2026-05-19 1505 ===
[2026-05-19 15:05:02] WATCHDOG: Sin datos en mercado
[2026-05-19 15:05:02] === MONITOR LOCAL FIN ===
[2026-05-19 18:35:00] === MONITOR LOCAL INICIO 2026-05-19 1835 ===
[2026-05-19 18:35:00] SKIP: fuera de horario (1835)
[2026-05-19 18:55:01] === MONITOR LOCAL INICIO 2026-05-19 1855 ===
[2026-05-19 18:55:01] SKIP: fuera de horario (1855)
[2026-05-19 19:00:01] === MONITOR LOCAL INICIO 2026-05-19 1900 ===
[2026-05-19 19:00:01] SKIP: fuera de horario (1900)
[2026-05-19 19:05:00] === MONITOR LOCAL INICIO 2026-05-19 1905 ===
[2026-05-19 19:05:00] SKIP: fuera de horario (1905)
[2026-05-19 19:10:00] === MONITOR LOCAL INICIO 2026-05-19 1910 ===
[2026-05-19 19:10:00] SKIP: fuera de horario (1910)
[2026-05-19 19:15:00] === MONITOR LOCAL INICIO 2026-05-19 1915 ===
[2026-05-19 19:15:00] SKIP: fuera de horario (1915)
[2026-05-19 19:20:00] === MONITOR LOCAL INICIO 2026-05-19 1920 ===
[2026-05-19 19:20:00] SKIP: fuera de horario (1920)
[2026-05-19 19:25:01] === MONITOR LOCAL INICIO 2026-05-19 1925 ===
[2026-05-19 19:25:01] SKIP: fuera de horario (1925)
[2026-05-19 19:30:00] === MONITOR LOCAL INICIO 2026-05-19 1930 ===
[2026-05-19 19:30:00] SKIP: fuera de horario (1930)
[2026-05-19 19:35:00] === MONITOR LOCAL INICIO 2026-05-19 1935 ===
[2026-05-19 19:35:00] SKIP: fuera de horario (1935)
[2026-05-19 19:40:01] === MONITOR LOCAL INICIO 2026-05-19 1940 ===
[2026-05-19 19:40:01] SKIP: fuera de horario (1940)
[2026-05-19 19:45:00] === MONITOR LOCAL INICIO 2026-05-19 1945 ===
[2026-05-19 19:45:00] SKIP: fuera de horario (1945)
[2026-05-19 19:50:00] === MONITOR LOCAL INICIO 2026-05-19 1950 ===
[2026-05-19 19:50:00] SKIP: fuera de horario (1950)
[2026-05-19 19:55:00] === MONITOR LOCAL INICIO 2026-05-19 1955 ===
[2026-05-19 19:55:00] SKIP: fuera de horario (1955)
[2026-05-19 20:00:00] === MONITOR LOCAL INICIO 2026-05-19 2000 ===
[2026-05-19 20:00:00] SKIP: fuera de horario (2000)
[2026-05-19 20:05:00] === MONITOR LOCAL INICIO 2026-05-19 2005 ===
[2026-05-19 20:05:00] SKIP: fuera de horario (2005)
[2026-05-19 20:10:01] === MONITOR LOCAL INICIO 2026-05-19 2010 ===
[2026-05-19 20:10:01] SKIP: fuera de horario (2010)
[2026-05-19 20:15:00] === MONITOR LOCAL INICIO 2026-05-19 2015 ===
[2026-05-19 20:15:00] SKIP: fuera de horario (2015)
[2026-05-19 20:20:00] === MONITOR LOCAL INICIO 2026-05-19 2020 ===
[2026-05-19 20:20:00] SKIP: fuera de horario (2020)
[2026-05-19 20:25:00] === MONITOR LOCAL INICIO 2026-05-19 2025 ===
[2026-05-19 20:25:00] SKIP: fuera de horario (2025)
[2026-05-19 20:30:00] === MONITOR LOCAL INICIO 2026-05-19 2030 ===
[2026-05-19 20:30:00] SKIP: fuera de horario (2030)
[2026-05-19 20:35:00] === MONITOR LOCAL INICIO 2026-05-19 2035 ===
[2026-05-19 20:35:00] SKIP: fuera de horario (2035)
[2026-05-19 20:40:00] === MONITOR LOCAL INICIO 2026-05-19 2040 ===
[2026-05-19 20:40:00] SKIP: fuera de horario (2040)
[2026-05-19 20:45:00] === MONITOR LOCAL INICIO 2026-05-19 2045 ===
[2026-05-19 20:45:00] SKIP: fuera de horario (2045)
[2026-05-19 20:50:00] === MONITOR LOCAL INICIO 2026-05-19 2050 ===
[2026-05-19 20:50:00] SKIP: fuera de horario (2050)
[2026-05-19 20:55:00] === MONITOR LOCAL INICIO 2026-05-19 2055 ===
[2026-05-19 20:55:00] SKIP: fuera de horario (2055)
[2026-05-19 21:00:00] === MONITOR LOCAL INICIO 2026-05-19 2100 ===
[2026-05-19 21:00:00] SKIP: fuera de horario (2100)
[2026-05-19 21:05:01] === MONITOR LOCAL INICIO 2026-05-19 2105 ===
[2026-05-19 21:05:01] SKIP: fuera de horario (2105)
[2026-05-19 21:10:00] === MONITOR LOCAL INICIO 2026-05-19 2110 ===
[2026-05-19 21:10:00] SKIP: fuera de horario (2110)
[2026-05-19 21:15:01] === MONITOR LOCAL INICIO 2026-05-19 2115 ===
[2026-05-19 21:15:01] SKIP: fuera de horario (2115)
[2026-05-19 21:20:00] === MONITOR LOCAL INICIO 2026-05-19 2120 ===
[2026-05-19 21:20:00] SKIP: fuera de horario (2120)
[2026-05-19 21:25:00] === MONITOR LOCAL INICIO 2026-05-19 2125 ===
[2026-05-19 21:25:00] SKIP: fuera de horario (2125)
[2026-05-19 21:30:00] === MONITOR LOCAL INICIO 2026-05-19 2130 ===
[2026-05-19 21:30:00] SKIP: fuera de horario (2130)
[2026-05-19 21:35:00] === MONITOR LOCAL INICIO 2026-05-19 2135 ===
[2026-05-19 21:35:00] SKIP: fuera de horario (2135)
[2026-05-19 21:40:00] === MONITOR LOCAL INICIO 2026-05-19 2140 ===
[2026-05-19 21:40:00] SKIP: fuera de horario (2140)
[2026-05-19 21:45:01] === MONITOR LOCAL INICIO 2026-05-19 2145 ===
[2026-05-19 21:45:01] SKIP: fuera de horario (2145)
[2026-05-19 21:50:01] === MONITOR LOCAL INICIO 2026-05-19 2150 ===
[2026-05-19 21:50:01] SKIP: fuera de horario (2150)
[2026-05-19 21:55:01] === MONITOR LOCAL INICIO 2026-05-19 2155 ===
[2026-05-19 21:55:01] SKIP: fuera de horario (2155)
[2026-05-19 22:00:01] === MONITOR LOCAL INICIO 2026-05-19 2200 ===
[2026-05-19 22:00:01] SKIP: fuera de horario (2200)
[2026-05-19 22:05:01] === MONITOR LOCAL INICIO 2026-05-19 2205 ===
[2026-05-19 22:05:01] SKIP: fuera de horario (2205)
[2026-05-19 22:10:01] === MONITOR LOCAL INICIO 2026-05-19 2210 ===
[2026-05-19 22:10:01] SKIP: fuera de horario (2210)
[2026-05-19 22:15:01] === MONITOR LOCAL INICIO 2026-05-19 2215 ===
[2026-05-19 22:15:01] SKIP: fuera de horario (2215)
[2026-05-19 22:20:01] === MONITOR LOCAL INICIO 2026-05-19 2220 ===
[2026-05-19 22:20:01] SKIP: fuera de horario (2220)
[2026-05-19 22:25:01] === MONITOR LOCAL INICIO 2026-05-19 2225 ===
[2026-05-19 22:25:01] SKIP: fuera de horario (2225)
[2026-05-19 22:30:01] === MONITOR LOCAL INICIO 2026-05-19 2230 ===
[2026-05-19 22:30:01] SKIP: fuera de horario (2230)
[2026-05-19 22:35:01] === MONITOR LOCAL INICIO 2026-05-19 2235 ===
[2026-05-19 22:35:01] SKIP: fuera de horario (2235)
[2026-05-19 22:40:01] === MONITOR LOCAL INICIO 2026-05-19 2240 ===
[2026-05-19 22:40:01] SKIP: fuera de horario (2240)
[2026-05-19 22:45:01] === MONITOR LOCAL INICIO 2026-05-19 2245 ===
[2026-05-19 22:45:01] SKIP: fuera de horario (2245)
[2026-05-19 22:50:01] === MONITOR LOCAL INICIO 2026-05-19 2250 ===
[2026-05-19 22:50:01] SKIP: fuera de horario (2250)
[2026-05-19 22:55:01] === MONITOR LOCAL INICIO 2026-05-19 2255 ===
[2026-05-19 22:55:01] SKIP: fuera de horario (2255)
[2026-05-19 23:00:01] === MONITOR LOCAL INICIO 2026-05-19 2300 ===
[2026-05-19 23:00:01] SKIP: fuera de horario (2300)
[2026-05-19 23:05:01] === MONITOR LOCAL INICIO 2026-05-19 2305 ===
[2026-05-19 23:05:01] SKIP: fuera de horario (2305)
[2026-05-19 23:10:01] === MONITOR LOCAL INICIO 2026-05-19 2310 ===
[2026-05-19 23:10:01] SKIP: fuera de horario (2310)
[2026-05-19 23:15:01] === MONITOR LOCAL INICIO 2026-05-19 2315 ===
[2026-05-19 23:15:01] SKIP: fuera de horario (2315)
[2026-05-19 23:20:01] === MONITOR LOCAL INICIO 2026-05-19 2320 ===
[2026-05-19 23:20:01] SKIP: fuera de horario (2320)
[2026-05-19 23:25:01] === MONITOR LOCAL INICIO 2026-05-19 2325 ===
[2026-05-19 23:25:01] SKIP: fuera de horario (2325)
[2026-05-19 23:30:01] === MONITOR LOCAL INICIO 2026-05-19 2330 ===
[2026-05-19 23:30:01] SKIP: fuera de horario (2330)
[2026-05-19 23:35:01] === MONITOR LOCAL INICIO 2026-05-19 2335 ===
[2026-05-19 23:35:01] SKIP: fuera de horario (2335)
[2026-05-19 23:40:01] === MONITOR LOCAL INICIO 2026-05-19 2340 ===
[2026-05-19 23:40:01] SKIP: fuera de horario (2340)
[2026-05-19 23:45:01] === MONITOR LOCAL INICIO 2026-05-19 2345 ===
[2026-05-19 23:45:01] SKIP: fuera de horario (2345)
[2026-05-19 23:50:01] === MONITOR LOCAL INICIO 2026-05-19 2350 ===
[2026-05-19 23:50:01] SKIP: fuera de horario (2350)
[2026-05-19 23:55:01] === MONITOR LOCAL INICIO 2026-05-19 2355 ===
[2026-05-19 23:55:01] SKIP: fuera de horario (2355)
[2026-05-20 00:00:01] === MONITOR LOCAL INICIO 2026-05-20 0000 ===
[2026-05-20 00:00:01] SKIP: fuera de horario (0000)
[2026-05-20 00:05:02] === MONITOR LOCAL INICIO 2026-05-20 0005 ===
[2026-05-20 00:05:02] SKIP: fuera de horario (0005)
[2026-05-20 00:10:01] === MONITOR LOCAL INICIO 2026-05-20 0010 ===
[2026-05-20 00:10:01] SKIP: fuera de horario (0010)
[2026-05-20 00:15:01] === MONITOR LOCAL INICIO 2026-05-20 0015 ===
[2026-05-20 00:15:01] SKIP: fuera de horario (0015)
[2026-05-20 00:20:01] === MONITOR LOCAL INICIO 2026-05-20 0020 ===
[2026-05-20 00:20:01] SKIP: fuera de horario (0020)
[2026-05-20 00:25:01] === MONITOR LOCAL INICIO 2026-05-20 0025 ===
[2026-05-20 00:25:01] SKIP: fuera de horario (0025)
[2026-05-20 00:30:01] === MONITOR LOCAL INICIO 2026-05-20 0030 ===
[2026-05-20 00:30:01] SKIP: fuera de horario (0030)
[2026-05-20 00:35:01] === MONITOR LOCAL INICIO 2026-05-20 0035 ===
[2026-05-20 00:35:01] SKIP: fuera de horario (0035)
[2026-05-20 00:40:01] === MONITOR LOCAL INICIO 2026-05-20 0040 ===
[2026-05-20 00:40:01] SKIP: fuera de horario (0040)
[2026-05-20 00:45:01] === MONITOR LOCAL INICIO 2026-05-20 0045 ===
[2026-05-20 00:45:01] SKIP: fuera de horario (0045)
[2026-05-20 00:50:01] === MONITOR LOCAL INICIO 2026-05-20 0050 ===
[2026-05-20 00:50:01] SKIP: fuera de horario (0050)
[2026-05-20 00:55:01] === MONITOR LOCAL INICIO 2026-05-20 0055 ===
[2026-05-20 00:55:01] SKIP: fuera de horario (0055)
[2026-05-20 01:00:01] === MONITOR LOCAL INICIO 2026-05-20 0100 ===
[2026-05-20 01:00:01] SKIP: fuera de horario (0100)
[2026-05-20 01:05:01] === MONITOR LOCAL INICIO 2026-05-20 0105 ===
[2026-05-20 01:05:01] SKIP: fuera de horario (0105)
[2026-05-20 01:10:01] === MONITOR LOCAL INICIO 2026-05-20 0110 ===
[2026-05-20 01:10:01] SKIP: fuera de horario (0110)
[2026-05-20 01:15:01] === MONITOR LOCAL INICIO 2026-05-20 0115 ===
[2026-05-20 01:15:01] SKIP: fuera de horario (0115)
[2026-05-20 01:20:01] === MONITOR LOCAL INICIO 2026-05-20 0120 ===
[2026-05-20 01:20:01] SKIP: fuera de horario (0120)
[2026-05-20 01:25:01] === MONITOR LOCAL INICIO 2026-05-20 0125 ===
[2026-05-20 01:25:01] SKIP: fuera de horario (0125)
[2026-05-20 01:30:01] === MONITOR LOCAL INICIO 2026-05-20 0130 ===
[2026-05-20 01:30:01] SKIP: fuera de horario (0130)
[2026-05-20 01:35:01] === MONITOR LOCAL INICIO 2026-05-20 0135 ===
[2026-05-20 01:35:01] SKIP: fuera de horario (0135)
[2026-05-20 01:40:02] === MONITOR LOCAL INICIO 2026-05-20 0140 ===
[2026-05-20 01:40:02] SKIP: fuera de horario (0140)
[2026-05-20 01:45:01] === MONITOR LOCAL INICIO 2026-05-20 0145 ===
[2026-05-20 01:45:01] SKIP: fuera de horario (0145)
[2026-05-20 01:50:01] === MONITOR LOCAL INICIO 2026-05-20 0150 ===
[2026-05-20 01:50:01] SKIP: fuera de horario (0150)
[2026-05-20 01:55:01] === MONITOR LOCAL INICIO 2026-05-20 0155 ===
[2026-05-20 01:55:01] SKIP: fuera de horario (0155)
[2026-05-20 02:00:01] === MONITOR LOCAL INICIO 2026-05-20 0200 ===
[2026-05-20 02:00:01] SKIP: fuera de horario (0200)
[2026-05-20 02:05:01] === MONITOR LOCAL INICIO 2026-05-20 0205 ===
[2026-05-20 02:05:01] SKIP: fuera de horario (0205)
[2026-05-20 02:10:01] === MONITOR LOCAL INICIO 2026-05-20 0210 ===
[2026-05-20 02:10:01] SKIP: fuera de horario (0210)
[2026-05-20 02:15:01] === MONITOR LOCAL INICIO 2026-05-20 0215 ===
[2026-05-20 02:15:01] SKIP: fuera de horario (0215)
[2026-05-20 02:20:01] === MONITOR LOCAL INICIO 2026-05-20 0220 ===
[2026-05-20 02:20:01] SKIP: fuera de horario (0220)
[2026-05-20 02:25:01] === MONITOR LOCAL INICIO 2026-05-20 0225 ===
[2026-05-20 02:25:01] SKIP: fuera de horario (0225)
[2026-05-20 02:30:01] === MONITOR LOCAL INICIO 2026-05-20 0230 ===
[2026-05-20 02:30:01] SKIP: fuera de horario (0230)
[2026-05-20 02:35:01] === MONITOR LOCAL INICIO 2026-05-20 0235 ===
[2026-05-20 02:35:01] SKIP: fuera de horario (0235)
[2026-05-20 02:40:01] === MONITOR LOCAL INICIO 2026-05-20 0240 ===
[2026-05-20 02:40:01] SKIP: fuera de horario (0240)
[2026-05-20 02:45:01] === MONITOR LOCAL INICIO 2026-05-20 0245 ===
[2026-05-20 02:45:01] SKIP: fuera de horario (0245)
[2026-05-20 02:50:01] === MONITOR LOCAL INICIO 2026-05-20 0250 ===
[2026-05-20 02:50:01] SKIP: fuera de horario (0250)
[2026-05-20 02:55:01] === MONITOR LOCAL INICIO 2026-05-20 0255 ===
[2026-05-20 02:55:01] SKIP: fuera de horario (0255)
[2026-05-20 03:00:01] === MONITOR LOCAL INICIO 2026-05-20 0300 ===
[2026-05-20 03:00:01] SKIP: fuera de horario (0300)
[2026-05-20 03:05:01] === MONITOR LOCAL INICIO 2026-05-20 0305 ===
[2026-05-20 03:05:01] SKIP: fuera de horario (0305)
[2026-05-20 03:10:01] === MONITOR LOCAL INICIO 2026-05-20 0310 ===
[2026-05-20 03:10:01] SKIP: fuera de horario (0310)
[2026-05-20 03:15:01] === MONITOR LOCAL INICIO 2026-05-20 0315 ===
[2026-05-20 03:15:01] SKIP: fuera de horario (0315)
[2026-05-20 03:20:01] === MONITOR LOCAL INICIO 2026-05-20 0320 ===
[2026-05-20 03:20:01] SKIP: fuera de horario (0320)
[2026-05-20 03:25:01] === MONITOR LOCAL INICIO 2026-05-20 0325 ===
[2026-05-20 03:25:01] SKIP: fuera de horario (0325)
[2026-05-20 03:30:01] === MONITOR LOCAL INICIO 2026-05-20 0330 ===
[2026-05-20 03:30:01] SKIP: fuera de horario (0330)
[2026-05-20 03:35:01] === MONITOR LOCAL INICIO 2026-05-20 0335 ===
[2026-05-20 03:35:01] SKIP: fuera de horario (0335)
[2026-05-20 03:40:01] === MONITOR LOCAL INICIO 2026-05-20 0340 ===
[2026-05-20 03:40:01] SKIP: fuera de horario (0340)
[2026-05-20 03:45:01] === MONITOR LOCAL INICIO 2026-05-20 0345 ===
[2026-05-20 03:45:01] SKIP: fuera de horario (0345)
[2026-05-20 03:50:01] === MONITOR LOCAL INICIO 2026-05-20 0350 ===
[2026-05-20 03:50:01] SKIP: fuera de horario (0350)
[2026-05-20 03:55:01] === MONITOR LOCAL INICIO 2026-05-20 0355 ===
[2026-05-20 03:55:01] SKIP: fuera de horario (0355)
[2026-05-20 04:00:01] === MONITOR LOCAL INICIO 2026-05-20 0400 ===
[2026-05-20 04:00:01] SKIP: fuera de horario (0400)
[2026-05-20 04:05:01] === MONITOR LOCAL INICIO 2026-05-20 0405 ===
[2026-05-20 04:05:01] SKIP: fuera de horario (0405)
[2026-05-20 04:10:01] === MONITOR LOCAL INICIO 2026-05-20 0410 ===
[2026-05-20 04:10:01] SKIP: fuera de horario (0410)
[2026-05-20 04:15:01] === MONITOR LOCAL INICIO 2026-05-20 0415 ===
[2026-05-20 04:15:01] SKIP: fuera de horario (0415)
[2026-05-20 04:20:01] === MONITOR LOCAL INICIO 2026-05-20 0420 ===
[2026-05-20 04:20:01] SKIP: fuera de horario (0420)
[2026-05-20 04:25:01] === MONITOR LOCAL INICIO 2026-05-20 0425 ===
[2026-05-20 04:25:01] SKIP: fuera de horario (0425)
[2026-05-20 04:30:01] === MONITOR LOCAL INICIO 2026-05-20 0430 ===
[2026-05-20 04:30:01] SKIP: fuera de horario (0430)
[2026-05-20 04:35:01] === MONITOR LOCAL INICIO 2026-05-20 0435 ===
[2026-05-20 04:35:01] SKIP: fuera de horario (0435)
[2026-05-20 04:40:01] === MONITOR LOCAL INICIO 2026-05-20 0440 ===
[2026-05-20 04:40:01] SKIP: fuera de horario (0440)
[2026-05-20 04:45:01] === MONITOR LOCAL INICIO 2026-05-20 0445 ===
[2026-05-20 04:45:01] SKIP: fuera de horario (0445)
[2026-05-20 04:50:01] === MONITOR LOCAL INICIO 2026-05-20 0450 ===
[2026-05-20 04:50:01] SKIP: fuera de horario (0450)
[2026-05-20 04:55:01] === MONITOR LOCAL INICIO 2026-05-20 0455 ===
[2026-05-20 04:55:01] SKIP: fuera de horario (0455)
[2026-05-20 05:00:01] === MONITOR LOCAL INICIO 2026-05-20 0500 ===
[2026-05-20 05:00:01] SKIP: fuera de horario (0500)
[2026-05-20 05:05:01] === MONITOR LOCAL INICIO 2026-05-20 0505 ===
[2026-05-20 05:05:01] SKIP: fuera de horario (0505)
[2026-05-20 05:10:01] === MONITOR LOCAL INICIO 2026-05-20 0510 ===
[2026-05-20 05:10:01] SKIP: fuera de horario (0510)
[2026-05-20 05:15:01] === MONITOR LOCAL INICIO 2026-05-20 0515 ===
[2026-05-20 05:15:01] SKIP: fuera de horario (0515)
[2026-05-20 05:20:01] === MONITOR LOCAL INICIO 2026-05-20 0520 ===
[2026-05-20 05:20:01] SKIP: fuera de horario (0520)
[2026-05-20 05:25:01] === MONITOR LOCAL INICIO 2026-05-20 0525 ===
[2026-05-20 05:25:01] SKIP: fuera de horario (0525)
[2026-05-20 05:30:01] === MONITOR LOCAL INICIO 2026-05-20 0530 ===
[2026-05-20 05:30:01] SKIP: fuera de horario (0530)
[2026-05-20 05:35:01] === MONITOR LOCAL INICIO 2026-05-20 0535 ===
[2026-05-20 05:35:01] SKIP: fuera de horario (0535)
[2026-05-20 05:40:01] === MONITOR LOCAL INICIO 2026-05-20 0540 ===
[2026-05-20 05:40:01] SKIP: fuera de horario (0540)
[2026-05-20 05:45:01] === MONITOR LOCAL INICIO 2026-05-20 0545 ===
[2026-05-20 05:45:01] SKIP: fuera de horario (0545)
[2026-05-20 05:50:01] === MONITOR LOCAL INICIO 2026-05-20 0550 ===
[2026-05-20 05:50:01] SKIP: fuera de horario (0550)
[2026-05-20 05:55:01] === MONITOR LOCAL INICIO 2026-05-20 0555 ===
[2026-05-20 05:55:01] SKIP: fuera de horario (0555)
[2026-05-20 06:00:01] === MONITOR LOCAL INICIO 2026-05-20 0600 ===
[2026-05-20 06:00:01] SKIP: fuera de horario (0600)
[2026-05-20 06:05:01] === MONITOR LOCAL INICIO 2026-05-20 0605 ===
[2026-05-20 06:05:01] SKIP: fuera de horario (0605)
[2026-05-20 06:10:01] === MONITOR LOCAL INICIO 2026-05-20 0610 ===
[2026-05-20 06:10:01] SKIP: fuera de horario (0610)
[2026-05-20 06:15:01] === MONITOR LOCAL INICIO 2026-05-20 0615 ===
[2026-05-20 06:15:01] SKIP: fuera de horario (0615)
[2026-05-20 06:20:01] === MONITOR LOCAL INICIO 2026-05-20 0620 ===
[2026-05-20 06:20:01] SKIP: fuera de horario (0620)
[2026-05-20 06:25:02] === MONITOR LOCAL INICIO 2026-05-20 0625 ===
[2026-05-20 06:25:02] SKIP: fuera de horario (0625)
[2026-05-20 06:30:01] === MONITOR LOCAL INICIO 2026-05-20 0630 ===
[2026-05-20 06:30:01] SKIP: fuera de horario (0630)
[2026-05-20 06:35:01] === MONITOR LOCAL INICIO 2026-05-20 0635 ===
[2026-05-20 06:35:01] SKIP: fuera de horario (0635)
[2026-05-20 06:40:01] === MONITOR LOCAL INICIO 2026-05-20 0640 ===
[2026-05-20 06:40:01] SKIP: fuera de horario (0640)
[2026-05-20 06:45:01] === MONITOR LOCAL INICIO 2026-05-20 0645 ===
[2026-05-20 06:45:01] SKIP: fuera de horario (0645)
[2026-05-20 06:50:01] === MONITOR LOCAL INICIO 2026-05-20 0650 ===
[2026-05-20 06:50:01] SKIP: fuera de horario (0650)
[2026-05-20 06:55:01] === MONITOR LOCAL INICIO 2026-05-20 0655 ===
[2026-05-20 06:55:01] SKIP: fuera de horario (0655)
[2026-05-20 07:00:01] === MONITOR LOCAL INICIO 2026-05-20 0700 ===
[2026-05-20 07:00:01] SKIP: fuera de horario (0700)
[2026-05-20 07:05:01] === MONITOR LOCAL INICIO 2026-05-20 0705 ===
[2026-05-20 07:05:01] SKIP: fuera de horario (0705)
[2026-05-20 07:10:01] === MONITOR LOCAL INICIO 2026-05-20 0710 ===
[2026-05-20 07:10:01] SKIP: fuera de horario (0710)
[2026-05-20 07:15:01] === MONITOR LOCAL INICIO 2026-05-20 0715 ===
[2026-05-20 07:15:01] SKIP: fuera de horario (0715)
[2026-05-20 07:20:01] === MONITOR LOCAL INICIO 2026-05-20 0720 ===
[2026-05-20 07:20:01] SKIP: fuera de horario (0720)
[2026-05-20 07:25:01] === MONITOR LOCAL INICIO 2026-05-20 0725 ===
[2026-05-20 07:25:01] SKIP: fuera de horario (0725)
[2026-05-20 07:30:01] === MONITOR LOCAL INICIO 2026-05-20 0730 ===
[2026-05-20 07:30:01] SKIP: fuera de horario (0730)
[2026-05-20 07:35:01] === MONITOR LOCAL INICIO 2026-05-20 0735 ===
[2026-05-20 07:35:01] SKIP: fuera de horario (0735)
[2026-05-20 07:40:01] === MONITOR LOCAL INICIO 2026-05-20 0740 ===
[2026-05-20 07:40:01] SKIP: fuera de horario (0740)
[2026-05-20 07:45:01] === MONITOR LOCAL INICIO 2026-05-20 0745 ===
[2026-05-20 07:45:01] SKIP: fuera de horario (0745)
[2026-05-20 07:50:01] === MONITOR LOCAL INICIO 2026-05-20 0750 ===
[2026-05-20 07:50:01] SKIP: fuera de horario (0750)
[2026-05-20 07:55:01] === MONITOR LOCAL INICIO 2026-05-20 0755 ===
[2026-05-20 07:55:01] SKIP: fuera de horario (0755)
[2026-05-20 08:00:01] === MONITOR LOCAL INICIO 2026-05-20 0800 ===
/mnt/c/dashboard/Github/scripts/monitor_local.sh: line 373: [[: 0800: value too great for base (error token is "0800")
/mnt/c/dashboard/Github/scripts/monitor_local.sh: line 373: [[: 0800: value too great for base (error token is "0800")
[2026-05-20 08:00:02] WATCHDOG: Sin datos en mercado
/mnt/c/dashboard/Github/scripts/monitor_local.sh: line 34: [[: 0800: value too great for base (error token is "0800")
[2026-05-20 08:00:02] === MONITOR LOCAL FIN ===
[2026-05-20 08:05:01] === MONITOR LOCAL INICIO 2026-05-20 0805 ===
/mnt/c/dashboard/Github/scripts/monitor_local.sh: line 373: [[: 0805: value too great for base (error token is "0805")
/mnt/c/dashboard/Github/scripts/monitor_local.sh: line 373: [[: 0805: value too great for base (error token is "0805")
[2026-05-20 08:05:02] WATCHDOG: Sin datos en mercado
/mnt/c/dashboard/Github/scripts/monitor_local.sh: line 34: [[: 0805: value too great for base (error token is "0805")
[2026-05-20 08:05:02] === MONITOR LOCAL FIN ===
[2026-05-20 08:10:01] === MONITOR LOCAL INICIO 2026-05-20 0810 ===
/mnt/c/dashboard/Github/scripts/monitor_local.sh: line 373: [[: 0810: value too great for base (error token is "0810")
/mnt/c/dashboard/Github/scripts/monitor_local.sh: line 373: [[: 0810: value too great for base (error token is "0810")
[2026-05-20 08:10:02] WATCHDOG: Sin datos en mercado
/mnt/c/dashboard/Github/scripts/monitor_local.sh: line 34: [[: 0810: value too great for base (error token is "0810")
[2026-05-20 08:10:02] === MONITOR LOCAL FIN ===
[2026-05-20 08:15:01] === MONITOR LOCAL INICIO 2026-05-20 0815 ===
/mnt/c/dashboard/Github/scripts/monitor_local.sh: line 373: [[: 0815: value too great for base (error token is "0815")
/mnt/c/dashboard/Github/scripts/monitor_local.sh: line 373: [[: 0815: value too great for base (error token is "0815")
[2026-05-20 08:15:02] WATCHDOG: Sin datos en mercado
/mnt/c/dashboard/Github/scripts/monitor_local.sh: line 34: [[: 0815: value too great for base (error token is "0815")
[2026-05-20 08:15:02] === MONITOR LOCAL FIN ===
[2026-05-20 08:20:01] === MONITOR LOCAL INICIO 2026-05-20 0820 ===
/mnt/c/dashboard/Github/scripts/monitor_local.sh: line 373: [[: 0820: value too great for base (error token is "0820")
/mnt/c/dashboard/Github/scripts/monitor_local.sh: line 373: [[: 0820: value too great for base (error token is "0820")
[2026-05-20 08:20:01] WATCHDOG: Sin datos en mercado
/mnt/c/dashboard/Github/scripts/monitor_local.sh: line 34: [[: 0820: value too great for base (error token is "0820")
[2026-05-20 08:20:01] === MONITOR LOCAL FIN ===
[2026-05-20 08:25:01] === MONITOR LOCAL INICIO 2026-05-20 0825 ===
/mnt/c/dashboard/Github/scripts/monitor_local.sh: line 373: [[: 0825: value too great for base (error token is "0825")
/mnt/c/dashboard/Github/scripts/monitor_local.sh: line 373: [[: 0825: value too great for base (error token is "0825")
[2026-05-20 08:25:02] WATCHDOG: Sin datos en mercado
/mnt/c/dashboard/Github/scripts/monitor_local.sh: line 34: [[: 0825: value too great for base (error token is "0825")
[2026-05-20 08:25:02] === MONITOR LOCAL FIN ===
[2026-05-20 08:30:01] === MONITOR LOCAL INICIO 2026-05-20 0830 ===
/mnt/c/dashboard/Github/scripts/monitor_local.sh: line 373: [[: 0830: value too great for base (error token is "0830")
/mnt/c/dashboard/Github/scripts/monitor_local.sh: line 373: [[: 0830: value too great for base (error token is "0830")
[2026-05-20 08:30:01] WATCHDOG: Sin datos en mercado
/mnt/c/dashboard/Github/scripts/monitor_local.sh: line 34: [[: 0830: value too great for base (error token is "0830")
[2026-05-20 08:30:01] === MONITOR LOCAL FIN ===
[2026-05-20 08:35:01] === MONITOR LOCAL INICIO 2026-05-20 0835 ===
/mnt/c/dashboard/Github/scripts/monitor_local.sh: line 373: [[: 0835: value too great for base (error token is "0835")
/mnt/c/dashboard/Github/scripts/monitor_local.sh: line 373: [[: 0835: value too great for base (error token is "0835")
[2026-05-20 08:35:02] WATCHDOG: Sin datos en mercado
/mnt/c/dashboard/Github/scripts/monitor_local.sh: line 34: [[: 0835: value too great for base (error token is "0835")
[2026-05-20 08:35:02] === MONITOR LOCAL FIN ===
[2026-05-20 08:40:01] === MONITOR LOCAL INICIO 2026-05-20 0840 ===
/mnt/c/dashboard/Github/scripts/monitor_local.sh: line 373: [[: 0840: value too great for base (error token is "0840")
/mnt/c/dashboard/Github/scripts/monitor_local.sh: line 373: [[: 0840: value too great for base (error token is "0840")
[2026-05-20 08:40:02] WATCHDOG: Sin datos en mercado
/mnt/c/dashboard/Github/scripts/monitor_local.sh: line 34: [[: 0840: value too great for base (error token is "0840")
[2026-05-20 08:40:02] === MONITOR LOCAL FIN ===
[2026-05-20 08:45:01] === MONITOR LOCAL INICIO 2026-05-20 0845 ===
/mnt/c/dashboard/Github/scripts/monitor_local.sh: line 373: [[: 0845: value too great for base (error token is "0845")
/mnt/c/dashboard/Github/scripts/monitor_local.sh: line 373: [[: 0845: value too great for base (error token is "0845")
[2026-05-20 08:45:01] WATCHDOG: Sin datos en mercado
/mnt/c/dashboard/Github/scripts/monitor_local.sh: line 34: [[: 0845: value too great for base (error token is "0845")
[2026-05-20 08:45:01] === MONITOR LOCAL FIN ===
[2026-05-20 08:50:01] === MONITOR LOCAL INICIO 2026-05-20 0850 ===
/mnt/c/dashboard/Github/scripts/monitor_local.sh: line 373: [[: 0850: value too great for base (error token is "0850")
/mnt/c/dashboard/Github/scripts/monitor_local.sh: line 373: [[: 0850: value too great for base (error token is "0850")
[2026-05-20 08:50:02] WATCHDOG: Sin datos en mercado
/mnt/c/dashboard/Github/scripts/monitor_local.sh: line 34: [[: 0850: value too great for base (error token is "0850")
[2026-05-20 08:50:02] === MONITOR LOCAL FIN ===
[2026-05-20 08:55:01] === MONITOR LOCAL INICIO 2026-05-20 0855 ===
/mnt/c/dashboard/Github/scripts/monitor_local.sh: line 373: [[: 0855: value too great for base (error token is "0855")
/mnt/c/dashboard/Github/scripts/monitor_local.sh: line 373: [[: 0855: value too great for base (error token is "0855")
[2026-05-20 08:55:01] WATCHDOG: Sin datos en mercado
/mnt/c/dashboard/Github/scripts/monitor_local.sh: line 34: [[: 0855: value too great for base (error token is "0855")
[2026-05-20 08:55:01] === MONITOR LOCAL FIN ===
[2026-05-20 09:00:01] === MONITOR LOCAL INICIO 2026-05-20 0900 ===
/mnt/c/dashboard/Github/scripts/monitor_local.sh: line 373: [[: 0900: value too great for base (error token is "0900")
/mnt/c/dashboard/Github/scripts/monitor_local.sh: line 373: [[: 0900: value too great for base (error token is "0900")
[2026-05-20 09:00:02] WATCHDOG: Sin datos en mercado
/mnt/c/dashboard/Github/scripts/monitor_local.sh: line 34: [[: 0900: value too great for base (error token is "0900")
[2026-05-20 09:00:02] === MONITOR LOCAL FIN ===
[2026-05-20 09:05:01] === MONITOR LOCAL INICIO 2026-05-20 0905 ===
/mnt/c/dashboard/Github/scripts/monitor_local.sh: line 373: [[: 0905: value too great for base (error token is "0905")
/mnt/c/dashboard/Github/scripts/monitor_local.sh: line 373: [[: 0905: value too great for base (error token is "0905")
[2026-05-20 09:05:01] WATCHDOG: Sin datos en mercado
/mnt/c/dashboard/Github/scripts/monitor_local.sh: line 34: [[: 0905: value too great for base (error token is "0905")
[2026-05-20 09:05:01] === MONITOR LOCAL FIN ===
[2026-05-20 09:10:01] === MONITOR LOCAL INICIO 2026-05-20 0910 ===
/mnt/c/dashboard/Github/scripts/monitor_local.sh: line 373: [[: 0910: value too great for base (error token is "0910")
/mnt/c/dashboard/Github/scripts/monitor_local.sh: line 373: [[: 0910: value too great for base (error token is "0910")
[2026-05-20 09:10:02] WATCHDOG: Sin datos en mercado
/mnt/c/dashboard/Github/scripts/monitor_local.sh: line 34: [[: 0910: value too great for base (error token is "0910")
[2026-05-20 09:10:02] === MONITOR LOCAL FIN ===
[2026-05-20 09:15:01] === MONITOR LOCAL INICIO 2026-05-20 0915 ===
/mnt/c/dashboard/Github/scripts/monitor_local.sh: line 373: [[: 0915: value too great for base (error token is "0915")
/mnt/c/dashboard/Github/scripts/monitor_local.sh: line 373: [[: 0915: value too great for base (error token is "0915")
[2026-05-20 09:15:01] WATCHDOG: Sin datos en mercado
/mnt/c/dashboard/Github/scripts/monitor_local.sh: line 34: [[: 0915: value too great for base (error token is "0915")
[2026-05-20 09:15:01] === MONITOR LOCAL FIN ===
[2026-05-20 09:20:01] === MONITOR LOCAL INICIO 2026-05-20 0920 ===
/mnt/c/dashboard/Github/scripts/monitor_local.sh: line 373: [[: 0920: value too great for base (error token is "0920")
/mnt/c/dashboard/Github/scripts/monitor_local.sh: line 373: [[: 0920: value too great for base (error token is "0920")
[2026-05-20 09:20:02] WATCHDOG: Sin datos en mercado
/mnt/c/dashboard/Github/scripts/monitor_local.sh: line 34: [[: 0920: value too great for base (error token is "0920")
[2026-05-20 09:20:02] === MONITOR LOCAL FIN ===
[2026-05-20 09:25:01] === MONITOR LOCAL INICIO 2026-05-20 0925 ===
/mnt/c/dashboard/Github/scripts/monitor_local.sh: line 373: [[: 0925: value too great for base (error token is "0925")
/mnt/c/dashboard/Github/scripts/monitor_local.sh: line 373: [[: 0925: value too great for base (error token is "0925")
[2026-05-20 09:25:01] WATCHDOG: Sin datos en mercado
/mnt/c/dashboard/Github/scripts/monitor_local.sh: line 34: [[: 0925: value too great for base (error token is "0925")
[2026-05-20 09:25:01] === MONITOR LOCAL FIN ===
[2026-05-20 09:30:02] === MONITOR LOCAL INICIO 2026-05-20 0930 ===
/mnt/c/dashboard/Github/scripts/monitor_local.sh: line 373: [[: 0930: value too great for base (error token is "0930")
/mnt/c/dashboard/Github/scripts/monitor_local.sh: line 373: [[: 0930: value too great for base (error token is "0930")
[2026-05-20 09:30:02] WATCHDOG: Sin datos en mercado
/mnt/c/dashboard/Github/scripts/monitor_local.sh: line 34: [[: 0930: value too great for base (error token is "0930")
[2026-05-20 09:30:02] === MONITOR LOCAL FIN ===
[2026-05-20 09:35:01] === MONITOR LOCAL INICIO 2026-05-20 0935 ===
/mnt/c/dashboard/Github/scripts/monitor_local.sh: line 373: [[: 0935: value too great for base (error token is "0935")
/mnt/c/dashboard/Github/scripts/monitor_local.sh: line 373: [[: 0935: value too great for base (error token is "0935")
[2026-05-20 09:35:01] WATCHDOG: Sin datos en mercado
/mnt/c/dashboard/Github/scripts/monitor_local.sh: line 34: [[: 0935: value too great for base (error token is "0935")
[2026-05-20 09:35:01] === MONITOR LOCAL FIN ===
[2026-05-20 09:40:01] === MONITOR LOCAL INICIO 2026-05-20 0940 ===
/mnt/c/dashboard/Github/scripts/monitor_local.sh: line 373: [[: 0940: value too great for base (error token is "0940")
/mnt/c/dashboard/Github/scripts/monitor_local.sh: line 373: [[: 0940: value too great for base (error token is "0940")
[2026-05-20 09:40:01] WATCHDOG: Sin datos en mercado
/mnt/c/dashboard/Github/scripts/monitor_local.sh: line 34: [[: 0940: value too great for base (error token is "0940")
[2026-05-20 09:40:01] === MONITOR LOCAL FIN ===
[2026-05-20 09:45:01] === MONITOR LOCAL INICIO 2026-05-20 0945 ===
/mnt/c/dashboard/Github/scripts/monitor_local.sh: line 373: [[: 0945: value too great for base (error token is "0945")
/mnt/c/dashboard/Github/scripts/monitor_local.sh: line 373: [[: 0945: value too great for base (error token is "0945")
[2026-05-20 09:45:02] WATCHDOG: Sin datos en mercado
/mnt/c/dashboard/Github/scripts/monitor_local.sh: line 34: [[: 0945: value too great for base (error token is "0945")
[2026-05-20 09:45:02] === MONITOR LOCAL FIN ===
[2026-05-20 09:50:01] === MONITOR LOCAL INICIO 2026-05-20 0950 ===
/mnt/c/dashboard/Github/scripts/monitor_local.sh: line 373: [[: 0950: value too great for base (error token is "0950")
/mnt/c/dashboard/Github/scripts/monitor_local.sh: line 373: [[: 0950: value too great for base (error token is "0950")
[2026-05-20 09:50:01] WATCHDOG: Sin datos en mercado
/mnt/c/dashboard/Github/scripts/monitor_local.sh: line 34: [[: 0950: value too great for base (error token is "0950")
[2026-05-20 09:50:01] === MONITOR LOCAL FIN ===
[2026-05-20 09:55:01] === MONITOR LOCAL INICIO 2026-05-20 0955 ===
/mnt/c/dashboard/Github/scripts/monitor_local.sh: line 373: [[: 0955: value too great for base (error token is "0955")
/mnt/c/dashboard/Github/scripts/monitor_local.sh: line 373: [[: 0955: value too great for base (error token is "0955")
[2026-05-20 09:55:02] WATCHDOG: Sin datos en mercado
/mnt/c/dashboard/Github/scripts/monitor_local.sh: line 34: [[: 0955: value too great for base (error token is "0955")
[2026-05-20 09:55:02] === MONITOR LOCAL FIN ===
[2026-05-20 10:00:01] === MONITOR LOCAL INICIO 2026-05-20 1000 ===
[2026-05-20 10:00:01] SKIP: fuera de horario (1000)
[2026-05-20 10:05:01] === MONITOR LOCAL INICIO 2026-05-20 1005 ===
[2026-05-20 10:05:01] SKIP: fuera de horario (1005)
[2026-05-20 10:10:01] === MONITOR LOCAL INICIO 2026-05-20 1010 ===
[2026-05-20 10:10:01] SKIP: fuera de horario (1010)
[2026-05-20 10:15:01] === MONITOR LOCAL INICIO 2026-05-20 1015 ===
[2026-05-20 10:15:01] SKIP: fuera de horario (1015)
[2026-05-20 10:20:01] === MONITOR LOCAL INICIO 2026-05-20 1020 ===
[2026-05-20 10:20:01] SKIP: fuera de horario (1020)
[2026-05-20 10:25:01] === MONITOR LOCAL INICIO 2026-05-20 1025 ===
[2026-05-20 10:25:01] SKIP: fuera de horario (1025)
[2026-05-20 10:30:01] === MONITOR LOCAL INICIO 2026-05-20 1030 ===
[2026-05-20 10:30:01] SKIP: fuera de horario (1030)
[2026-05-20 10:35:01] === MONITOR LOCAL INICIO 2026-05-20 1035 ===
[2026-05-20 10:35:01] SKIP: fuera de horario (1035)
[2026-05-20 10:40:01] === MONITOR LOCAL INICIO 2026-05-20 1040 ===
[2026-05-20 10:40:02] WATCHDOG: Sin datos en mercado
[2026-05-20 10:40:02] === MONITOR LOCAL FIN ===
[2026-05-20 10:45:01] === MONITOR LOCAL INICIO 2026-05-20 1045 ===
[2026-05-20 10:45:01] WATCHDOG: Sin datos en mercado
[2026-05-20 10:45:01] === MONITOR LOCAL FIN ===
[2026-05-20 10:50:01] === MONITOR LOCAL INICIO 2026-05-20 1050 ===
[2026-05-20 10:50:02] WATCHDOG: Sin datos en mercado
[2026-05-20 10:50:02] === MONITOR LOCAL FIN ===
[2026-05-20 10:55:01] === MONITOR LOCAL INICIO 2026-05-20 1055 ===
[2026-05-20 10:55:01] WATCHDOG: Sin datos en mercado
[2026-05-20 10:55:01] === MONITOR LOCAL FIN ===
[2026-05-20 11:00:01] === MONITOR LOCAL INICIO 2026-05-20 1100 ===
[2026-05-20 11:00:02] WATCHDOG: Sin datos en mercado
[2026-05-20 11:00:02] === MONITOR LOCAL FIN ===
[2026-05-20 11:05:01] === MONITOR LOCAL INICIO 2026-05-20 1105 ===
[2026-05-20 11:05:01] WATCHDOG: Sin datos en mercado
[2026-05-20 11:05:01] === MONITOR LOCAL FIN ===
[2026-05-20 11:10:01] === MONITOR LOCAL INICIO 2026-05-20 1110 ===
[2026-05-20 11:10:01] WATCHDOG: Sin datos en mercado
[2026-05-20 11:10:01] === MONITOR LOCAL FIN ===
[2026-05-20 11:15:01] === MONITOR LOCAL INICIO 2026-05-20 1115 ===
[2026-05-20 11:15:02] WATCHDOG: Sin datos en mercado
[2026-05-20 11:15:02] === MONITOR LOCAL FIN ===
[2026-05-20 11:20:02] === MONITOR LOCAL INICIO 2026-05-20 1120 ===
[2026-05-20 11:20:02] WATCHDOG: Sin datos en mercado
[2026-05-20 11:20:02] === MONITOR LOCAL FIN ===
[2026-05-20 11:25:01] === MONITOR LOCAL INICIO 2026-05-20 1125 ===
[2026-05-20 11:25:02] WATCHDOG: Sin datos en mercado
[2026-05-20 11:25:02] === MONITOR LOCAL FIN ===
[2026-05-20 11:30:01] === MONITOR LOCAL INICIO 2026-05-20 1130 ===
[2026-05-20 11:30:01] WATCHDOG: Sin datos en mercado
[2026-05-20 11:30:01] === MONITOR LOCAL FIN ===
[2026-05-20 11:35:01] === MONITOR LOCAL INICIO 2026-05-20 1135 ===
[2026-05-20 11:35:02] WATCHDOG: Sin datos en mercado
[2026-05-20 11:35:02] === MONITOR LOCAL FIN ===
[2026-05-20 11:40:01] === MONITOR LOCAL INICIO 2026-05-20 1140 ===
[2026-05-20 11:40:01] WATCHDOG: Sin datos en mercado
[2026-05-20 11:40:01] === MONITOR LOCAL FIN ===
[2026-05-20 11:45:01] === MONITOR LOCAL INICIO 2026-05-20 1145 ===
[2026-05-20 11:45:02] WATCHDOG: Sin datos en mercado
[2026-05-20 11:45:02] === MONITOR LOCAL FIN ===
[2026-05-20 11:50:01] === MONITOR LOCAL INICIO 2026-05-20 1150 ===
[2026-05-20 11:50:02] WATCHDOG: Sin datos en mercado
[2026-05-20 11:50:02] === MONITOR LOCAL FIN ===
[2026-05-20 11:55:01] === MONITOR LOCAL INICIO 2026-05-20 1155 ===
[2026-05-20 11:55:01] WATCHDOG: Sin datos en mercado
[2026-05-20 11:55:01] === MONITOR LOCAL FIN ===
[2026-05-20 12:00:01] === MONITOR LOCAL INICIO 2026-05-20 1200 ===
[2026-05-20 12:00:02] WATCHDOG: Sin datos en mercado
[2026-05-20 12:00:02] === MONITOR LOCAL FIN ===
[2026-05-20 12:05:01] === MONITOR LOCAL INICIO 2026-05-20 1205 ===
[2026-05-20 12:05:02] WATCHDOG: Sin datos en mercado
[2026-05-20 12:05:02] === MONITOR LOCAL FIN ===
[2026-05-20 12:10:01] === MONITOR LOCAL INICIO 2026-05-20 1210 ===
[2026-05-20 12:10:01] WATCHDOG: Sin datos en mercado
[2026-05-20 12:10:01] === MONITOR LOCAL FIN ===
[2026-05-20 12:15:01] === MONITOR LOCAL INICIO 2026-05-20 1215 ===
[2026-05-20 12:15:01] WATCHDOG: Sin datos en mercado
[2026-05-20 12:15:01] === MONITOR LOCAL FIN ===
[2026-05-20 12:20:01] === MONITOR LOCAL INICIO 2026-05-20 1220 ===
[2026-05-20 12:20:02] WATCHDOG: Sin datos en mercado
[2026-05-20 12:20:02] === MONITOR LOCAL FIN ===
[2026-05-20 12:25:01] === MONITOR LOCAL INICIO 2026-05-20 1225 ===
[2026-05-20 12:25:01] WATCHDOG: Sin datos en mercado
[2026-05-20 12:25:01] === MONITOR LOCAL FIN ===
[2026-05-20 12:30:01] === MONITOR LOCAL INICIO 2026-05-20 1230 ===
[2026-05-20 12:30:02] WATCHDOG: Sin datos en mercado
[2026-05-20 12:30:02] === MONITOR LOCAL FIN ===
[2026-05-20 12:35:01] === MONITOR LOCAL INICIO 2026-05-20 1235 ===
[2026-05-20 12:35:01] WATCHDOG: Sin datos en mercado
[2026-05-20 12:35:01] === MONITOR LOCAL FIN ===
[2026-05-20 12:40:01] === MONITOR LOCAL INICIO 2026-05-20 1240 ===
[2026-05-20 12:40:02] WATCHDOG: Sin datos en mercado
[2026-05-20 12:40:02] === MONITOR LOCAL FIN ===
[2026-05-20 12:45:01] === MONITOR LOCAL INICIO 2026-05-20 1245 ===
[2026-05-20 12:45:02] WATCHDOG: Sin datos en mercado
[2026-05-20 12:45:02] === MONITOR LOCAL FIN ===
[2026-05-20 12:50:01] === MONITOR LOCAL INICIO 2026-05-20 1250 ===
[2026-05-20 12:50:01] WATCHDOG: Sin datos en mercado
[2026-05-20 12:50:01] === MONITOR LOCAL FIN ===
[2026-05-20 12:55:01] === MONITOR LOCAL INICIO 2026-05-20 1255 ===
[2026-05-20 12:55:02] WATCHDOG: Sin datos en mercado
[2026-05-20 12:55:02] === MONITOR LOCAL FIN ===
[2026-05-20 13:00:01] === MONITOR LOCAL INICIO 2026-05-20 1300 ===
[2026-05-20 13:00:01] WATCHDOG: Sin datos en mercado
[2026-05-20 13:00:01] === MONITOR LOCAL FIN ===
[2026-05-20 13:05:01] === MONITOR LOCAL INICIO 2026-05-20 1305 ===
[2026-05-20 13:05:02] WATCHDOG: Sin datos en mercado
[2026-05-20 13:05:02] === MONITOR LOCAL FIN ===
[2026-05-20 13:10:01] === MONITOR LOCAL INICIO 2026-05-20 1310 ===
[2026-05-20 13:10:01] WATCHDOG: Sin datos en mercado
[2026-05-20 13:10:01] === MONITOR LOCAL FIN ===
[2026-05-20 13:15:01] === MONITOR LOCAL INICIO 2026-05-20 1315 ===
[2026-05-20 13:15:01] WATCHDOG: Sin datos en mercado
[2026-05-20 13:15:01] === MONITOR LOCAL FIN ===
[2026-05-20 13:20:01] === MONITOR LOCAL INICIO 2026-05-20 1320 ===
[2026-05-20 13:20:02] WATCHDOG: Sin datos en mercado
[2026-05-20 13:20:02] === MONITOR LOCAL FIN ===
[2026-05-20 13:25:01] === MONITOR LOCAL INICIO 2026-05-20 1325 ===
[2026-05-20 13:25:02] WATCHDOG: Sin datos en mercado
[2026-05-20 13:25:02] === MONITOR LOCAL FIN ===
[2026-05-20 13:30:01] === MONITOR LOCAL INICIO 2026-05-20 1330 ===
[2026-05-20 13:30:01] WATCHDOG: Sin datos en mercado
[2026-05-20 13:30:01] === MONITOR LOCAL FIN ===
[2026-05-20 13:35:01] === MONITOR LOCAL INICIO 2026-05-20 1335 ===
[2026-05-20 13:35:02] WATCHDOG: Sin datos en mercado
[2026-05-20 13:35:02] === MONITOR LOCAL FIN ===
[2026-05-20 13:40:01] === MONITOR LOCAL INICIO 2026-05-20 1340 ===
[2026-05-20 13:40:01] WATCHDOG: Sin datos en mercado
[2026-05-20 13:40:01] === MONITOR LOCAL FIN ===
[2026-05-20 13:45:01] === MONITOR LOCAL INICIO 2026-05-20 1345 ===
[2026-05-20 13:45:02] WATCHDOG: Sin datos en mercado
[2026-05-20 13:45:02] === MONITOR LOCAL FIN ===
[2026-05-20 13:50:01] === MONITOR LOCAL INICIO 2026-05-20 1350 ===
[2026-05-20 13:50:02] WATCHDOG: Sin datos en mercado
[2026-05-20 13:50:02] === MONITOR LOCAL FIN ===
[2026-05-20 13:55:01] === MONITOR LOCAL INICIO 2026-05-20 1355 ===
[2026-05-20 13:55:01] WATCHDOG: Sin datos en mercado
[2026-05-20 13:55:01] === MONITOR LOCAL FIN ===
[2026-05-20 14:00:01] === MONITOR LOCAL INICIO 2026-05-20 1400 ===
[2026-05-20 14:00:02] WATCHDOG: Sin datos en mercado
[2026-05-20 14:00:02] === MONITOR LOCAL FIN ===
[2026-05-20 14:05:01] === MONITOR LOCAL INICIO 2026-05-20 1405 ===
[2026-05-20 14:05:02] WATCHDOG: Sin datos en mercado
[2026-05-20 14:05:02] === MONITOR LOCAL FIN ===
[2026-05-20 14:10:01] === MONITOR LOCAL INICIO 2026-05-20 1410 ===
[2026-05-20 14:10:01] WATCHDOG: Sin datos en mercado
[2026-05-20 14:10:01] === MONITOR LOCAL FIN ===
[2026-05-20 14:15:01] === MONITOR LOCAL INICIO 2026-05-20 1415 ===
[2026-05-20 14:15:01] WATCHDOG: Sin datos en mercado
[2026-05-20 14:15:01] === MONITOR LOCAL FIN ===
[2026-05-20 14:20:01] === MONITOR LOCAL INICIO 2026-05-20 1420 ===
[2026-05-20 14:20:01] WATCHDOG: Sin datos en mercado
[2026-05-20 14:20:01] === MONITOR LOCAL FIN ===
[2026-05-20 14:25:02] === MONITOR LOCAL INICIO 2026-05-20 1425 ===
[2026-05-20 14:25:02] WATCHDOG: Sin datos en mercado
[2026-05-20 14:25:02] === MONITOR LOCAL FIN ===
[2026-05-20 14:30:01] === MONITOR LOCAL INICIO 2026-05-20 1430 ===
[2026-05-20 14:30:02] WATCHDOG: Sin datos en mercado
[2026-05-20 14:30:02] === MONITOR LOCAL FIN ===
[2026-05-20 14:35:01] === MONITOR LOCAL INICIO 2026-05-20 1435 ===
[2026-05-20 14:35:01] WATCHDOG: Sin datos en mercado
[2026-05-20 14:35:01] === MONITOR LOCAL FIN ===
[2026-05-20 14:40:01] === MONITOR LOCAL INICIO 2026-05-20 1440 ===
[2026-05-20 14:40:02] WATCHDOG: Sin datos en mercado
[2026-05-20 14:40:02] === MONITOR LOCAL FIN ===
[2026-05-20 14:45:01] === MONITOR LOCAL INICIO 2026-05-20 1445 ===
[2026-05-20 14:45:02] WATCHDOG: Sin datos en mercado
[2026-05-20 14:45:02] === MONITOR LOCAL FIN ===
[2026-05-20 14:50:01] === MONITOR LOCAL INICIO 2026-05-20 1450 ===
[2026-05-20 14:50:01] WATCHDOG: Sin datos en mercado
[2026-05-20 14:50:01] === MONITOR LOCAL FIN ===
[2026-05-20 14:55:01] === MONITOR LOCAL INICIO 2026-05-20 1455 ===
[2026-05-20 14:55:02] WATCHDOG: Sin datos en mercado
[2026-05-20 14:55:02] === MONITOR LOCAL FIN ===
[2026-05-20 15:00:01] === MONITOR LOCAL INICIO 2026-05-20 1500 ===
[2026-05-20 15:00:02] WATCHDOG: Sin datos en mercado
[2026-05-20 15:00:02] === MONITOR LOCAL FIN ===
[2026-05-20 15:05:01] === MONITOR LOCAL INICIO 2026-05-20 1505 ===
[2026-05-20 15:05:02] WATCHDOG: Sin datos en mercado
[2026-05-20 15:05:02] === MONITOR LOCAL FIN ===
[2026-05-20 15:10:01] === MONITOR LOCAL INICIO 2026-05-20 1510 ===
[2026-05-20 15:10:02] WATCHDOG: Sin datos en mercado
[2026-05-20 15:10:02] === MONITOR LOCAL FIN ===
[2026-05-20 15:15:01] === MONITOR LOCAL INICIO 2026-05-20 1515 ===
[2026-05-20 15:15:01] WATCHDOG: Sin datos en mercado
[2026-05-20 15:15:01] === MONITOR LOCAL FIN ===
[2026-05-20 15:20:01] === MONITOR LOCAL INICIO 2026-05-20 1520 ===
[2026-05-20 15:20:01] WATCHDOG: Sin datos en mercado
[2026-05-20 15:20:01] === MONITOR LOCAL FIN ===
[2026-05-20 15:25:01] === MONITOR LOCAL INICIO 2026-05-20 1525 ===
[2026-05-20 15:25:02] WATCHDOG: Sin datos en mercado
[2026-05-20 15:25:02] === MONITOR LOCAL FIN ===
[2026-05-20 15:30:01] === MONITOR LOCAL INICIO 2026-05-20 1530 ===
[2026-05-20 15:30:02] WATCHDOG: Sin datos en mercado
[2026-05-20 15:30:02] === MONITOR LOCAL FIN ===
[2026-05-20 15:35:01] === MONITOR LOCAL INICIO 2026-05-20 1535 ===
[2026-05-20 15:35:01] WATCHDOG: Sin datos en mercado
[2026-05-20 15:35:01] === MONITOR LOCAL FIN ===
[2026-05-20 15:40:01] === MONITOR LOCAL INICIO 2026-05-20 1540 ===
[2026-05-20 15:40:02] WATCHDOG: Sin datos en mercado
[2026-05-20 15:40:02] === MONITOR LOCAL FIN ===
[2026-05-20 15:45:01] === MONITOR LOCAL INICIO 2026-05-20 1545 ===
[2026-05-20 15:45:01] WATCHDOG: Sin datos en mercado
[2026-05-20 15:45:01] === MONITOR LOCAL FIN ===
[2026-05-20 15:50:01] === MONITOR LOCAL INICIO 2026-05-20 1550 ===
[2026-05-20 15:50:02] WATCHDOG: Sin datos en mercado
[2026-05-20 15:50:02] === MONITOR LOCAL FIN ===
[2026-05-20 15:55:01] === MONITOR LOCAL INICIO 2026-05-20 1555 ===
[2026-05-20 15:55:02] WATCHDOG: Sin datos en mercado
[2026-05-20 15:55:02] === MONITOR LOCAL FIN ===
[2026-05-20 16:00:01] === MONITOR LOCAL INICIO 2026-05-20 1600 ===
[2026-05-20 16:00:01] WATCHDOG: Sin datos en mercado
[2026-05-20 16:00:01] === MONITOR LOCAL FIN ===
[2026-05-20 16:05:01] === MONITOR LOCAL INICIO 2026-05-20 1605 ===
[2026-05-20 16:05:02] WATCHDOG: Sin datos en mercado
[2026-05-20 16:05:02] === MONITOR LOCAL FIN ===
[2026-05-20 16:20:01] === MONITOR LOCAL INICIO 2026-05-20 1620 ===
[2026-05-20 16:20:02] WATCHDOG: Sin datos en mercado
[2026-05-20 16:20:02] === MONITOR LOCAL FIN ===
[2026-05-20 16:25:01] === MONITOR LOCAL INICIO 2026-05-20 1625 ===
[2026-05-20 16:25:01] WATCHDOG: Sin datos en mercado
[2026-05-20 16:25:01] === MONITOR LOCAL FIN ===
[2026-05-20 16:30:01] === MONITOR LOCAL INICIO 2026-05-20 1630 ===
[2026-05-20 16:30:02] WATCHDOG: Sin datos en mercado
[2026-05-20 16:30:02] === MONITOR LOCAL FIN ===
[2026-05-20 16:35:01] === MONITOR LOCAL INICIO 2026-05-20 1635 ===
[2026-05-20 16:35:01] WATCHDOG: Sin datos en mercado
[2026-05-20 16:35:01] === MONITOR LOCAL FIN ===
[2026-05-20 16:40:01] === MONITOR LOCAL INICIO 2026-05-20 1640 ===
[2026-05-20 16:40:02] WATCHDOG: Sin datos en mercado
[2026-05-20 16:40:02] === MONITOR LOCAL FIN ===
[2026-05-20 16:45:01] === MONITOR LOCAL INICIO 2026-05-20 1645 ===
[2026-05-20 16:45:01] WATCHDOG: Sin datos en mercado
[2026-05-20 16:45:01] === MONITOR LOCAL FIN ===
[2026-05-20 16:50:01] === MONITOR LOCAL INICIO 2026-05-20 1650 ===
[2026-05-20 16:50:02] WATCHDOG: Sin datos en mercado
[2026-05-20 16:50:02] === MONITOR LOCAL FIN ===
[2026-05-20 16:55:01] === MONITOR LOCAL INICIO 2026-05-20 1655 ===
[2026-05-20 16:55:01] WATCHDOG: Sin datos en mercado
[2026-05-20 16:55:01] === MONITOR LOCAL FIN ===
[2026-05-20 17:00:01] === MONITOR LOCAL INICIO 2026-05-20 1700 ===
[2026-05-20 17:00:02] WATCHDOG: Sin datos en mercado
[2026-05-20 17:00:02] === MONITOR LOCAL FIN ===
[2026-05-20 17:05:01] === MONITOR LOCAL INICIO 2026-05-20 1705 ===
[2026-05-20 17:05:02] WATCHDOG: Sin datos en mercado
[2026-05-20 17:05:05] DOLAR: dolarapi MEP=1432.2
[2026-05-20 17:05:05] DOLAR: dolarapi CCL=1487.1
[2026-05-20 17:05:06] DOLAR: dolarapi Oficial=1420
[2026-05-20 17:05:06] DOLAR: dolarapi Blue=1430
{"code":"23514","details":"Failing row contains (1073, 2026-05-20, blue, 1430.00, dolarapi, 2026-05-20 20:05:06.586516+00).","hint":null,"message":"new row for relation \"dolar_historico\" violates check constraint \"dolar_historico_tipo_check\""}[2026-05-20 17:05:06] DOLAR: dolarapi Mayorista=1397
{"code":"23514","details":"Failing row contains (1074, 2026-05-20, mayorista, 1397.00, dolarapi, 2026-05-20 20:05:06.860437+00).","hint":null,"message":"new row for relation \"dolar_historico\" violates check constraint \"dolar_historico_tipo_check\""}/mnt/c/dashboard/Github/scripts/monitor_local.sh: line 383: local: can only be used in a function
[2026-05-20 17:10:01] === MONITOR LOCAL INICIO 2026-05-20 1710 ===
[2026-05-20 17:10:02] WATCHDOG: Sin datos en mercado
[2026-05-20 17:15:01] === MONITOR LOCAL INICIO 2026-05-20 1715 ===
[2026-05-20 17:15:02] WATCHDOG: Sin datos en mercado
[2026-05-20 17:15:04] DOLAR: dolarapi MEP=1437.1
{"code":"23505","details":"Key (fecha, tipo)=(2026-05-20, mep) already exists.","hint":null,"message":"duplicate key value violates unique constraint \"dolar_historico_fecha_tipo_key\""}[2026-05-20 17:15:05] DOLAR: dolarapi CCL=1488.8
{"code":"23505","details":"Key (fecha, tipo)=(2026-05-20, ccl) already exists.","hint":null,"message":"duplicate key value violates unique constraint \"dolar_historico_fecha_tipo_key\""}[2026-05-20 17:15:05] DOLAR: dolarapi Oficial=1420
{"code":"23505","details":"Key (fecha, tipo)=(2026-05-20, oficial) already exists.","hint":null,"message":"duplicate key value violates unique constraint \"dolar_historico_fecha_tipo_key\""}[2026-05-20 17:15:06] DOLAR: dolarapi Blue=1430
{"code":"23514","details":"Failing row contains (1078, 2026-05-20, blue, 1430.00, dolarapi, 2026-05-20 20:15:06.269929+00).","hint":null,"message":"new row for relation \"dolar_historico\" violates check constraint \"dolar_historico_tipo_check\""}[2026-05-20 17:15:06] DOLAR: dolarapi Mayorista=1397
{"code":"23514","details":"Failing row contains (1079, 2026-05-20, mayorista, 1397.00, dolarapi, 2026-05-20 20:15:06.586625+00).","hint":null,"message":"new row for relation \"dolar_historico\" violates check constraint \"dolar_historico_tipo_check\""}/mnt/c/dashboard/Github/scripts/monitor_local.sh: line 383: local: can only be used in a function
[2026-05-20 17:20:01] === MONITOR LOCAL INICIO 2026-05-20 1720 ===
[2026-05-20 17:20:02] WATCHDOG: Sin datos en mercado
[2026-05-20 17:20:04] DOLAR: dolarapi MEP=1437.1
{"code":"23505","details":"Key (fecha, tipo)=(2026-05-20, mep) already exists.","hint":null,"message":"duplicate key value violates unique constraint \"dolar_historico_fecha_tipo_key\""}[2026-05-20 17:20:05] DOLAR: dolarapi CCL=1488.8
{"code":"23505","details":"Key (fecha, tipo)=(2026-05-20, ccl) already exists.","hint":null,"message":"duplicate key value violates unique constraint \"dolar_historico_fecha_tipo_key\""}[2026-05-20 17:20:05] DOLAR: dolarapi Oficial=1420
{"code":"23505","details":"Key (fecha, tipo)=(2026-05-20, oficial) already exists.","hint":null,"message":"duplicate key value violates unique constraint \"dolar_historico_fecha_tipo_key\""}[2026-05-20 17:20:06] DOLAR: dolarapi Blue=1430
{"code":"23514","details":"Failing row contains (1083, 2026-05-20, blue, 1430.00, dolarapi, 2026-05-20 20:20:06.6557+00).","hint":null,"message":"new row for relation \"dolar_historico\" violates check constraint \"dolar_historico_tipo_check\""}[2026-05-20 17:20:06] DOLAR: dolarapi Mayorista=1397
{"code":"23514","details":"Failing row contains (1084, 2026-05-20, mayorista, 1397.00, dolarapi, 2026-05-20 20:20:07.014354+00).","hint":null,"message":"new row for relation \"dolar_historico\" violates check constraint \"dolar_historico_tipo_check\""}/mnt/c/dashboard/Github/scripts/monitor_local.sh: line 383: local: can only be used in a function
[2026-05-20 17:25:01] === MONITOR LOCAL INICIO 2026-05-20 1725 ===
[2026-05-20 17:25:01] WATCHDOG: Sin datos en mercado
[2026-05-20 17:25:03] DOLAR: dolarapi MEP=1437.1
{"code":"23505","details":"Key (fecha, tipo)=(2026-05-20, mep) already exists.","hint":null,"message":"duplicate key value violates unique constraint \"dolar_historico_fecha_tipo_key\""}[2026-05-20 17:25:04] DOLAR: dolarapi CCL=1488.8
{"code":"23505","details":"Key (fecha, tipo)=(2026-05-20, ccl) already exists.","hint":null,"message":"duplicate key value violates unique constraint \"dolar_historico_fecha_tipo_key\""}[2026-05-20 17:25:04] DOLAR: dolarapi Oficial=1420
{"code":"23505","details":"Key (fecha, tipo)=(2026-05-20, oficial) already exists.","hint":null,"message":"duplicate key value violates unique constraint \"dolar_historico_fecha_tipo_key\""}[2026-05-20 17:25:05] DOLAR: dolarapi Blue=1430
{"code":"23514","details":"Failing row contains (1088, 2026-05-20, blue, 1430.00, dolarapi, 2026-05-20 20:25:05.414442+00).","hint":null,"message":"new row for relation \"dolar_historico\" violates check constraint \"dolar_historico_tipo_check\""}[2026-05-20 17:25:05] DOLAR: dolarapi Mayorista=1397
{"code":"23514","details":"Failing row contains (1089, 2026-05-20, mayorista, 1397.00, dolarapi, 2026-05-20 20:25:05.717577+00).","hint":null,"message":"new row for relation \"dolar_historico\" violates check constraint \"dolar_historico_tipo_check\""}/mnt/c/dashboard/Github/scripts/monitor_local.sh: line 383: local: can only be used in a function
[2026-05-20 17:55:01] === MONITOR LOCAL INICIO 2026-05-20 1755 ===
[2026-05-20 17:55:02] WATCHDOG: Sin datos en mercado
[2026-05-20 18:00:01] === MONITOR LOCAL INICIO 2026-05-20 1800 ===
[2026-05-20 18:00:01] WATCHDOG: Sin datos en mercado
[2026-05-20 18:00:01] === MONITOR LOCAL FIN ===
[2026-05-20 18:05:01] === MONITOR LOCAL INICIO 2026-05-20 1805 ===
[2026-05-20 18:05:01] SKIP: fuera de horario (1805)
[2026-05-20 18:10:01] === MONITOR LOCAL INICIO 2026-05-20 1810 ===
[2026-05-20 18:10:01] SKIP: fuera de horario (1810)
[2026-05-20 18:15:01] === MONITOR LOCAL INICIO 2026-05-20 1815 ===
[2026-05-20 18:15:01] SKIP: fuera de horario (1815)
[2026-05-20 18:20:01] === MONITOR LOCAL INICIO 2026-05-20 1820 ===
[2026-05-20 18:20:01] SKIP: fuera de horario (1820)
[2026-05-20 18:25:01] === MONITOR LOCAL INICIO 2026-05-20 1825 ===
[2026-05-20 18:25:01] SKIP: fuera de horario (1825)
[2026-05-20 18:30:01] === MONITOR LOCAL INICIO 2026-05-20 1830 ===
[2026-05-20 18:30:01] SKIP: fuera de horario (1830)
[2026-05-20 18:35:01] === MONITOR LOCAL INICIO 2026-05-20 1835 ===
[2026-05-20 18:35:01] SKIP: fuera de horario (1835)
[2026-05-20 18:40:01] === MONITOR LOCAL INICIO 2026-05-20 1840 ===
[2026-05-20 18:40:01] SKIP: fuera de horario (1840)
[2026-05-20 18:45:01] === MONITOR LOCAL INICIO 2026-05-20 1845 ===
[2026-05-20 18:45:01] SKIP: fuera de horario (1845)
[2026-05-20 18:50:01] === MONITOR LOCAL INICIO 2026-05-20 1850 ===
[2026-05-20 18:50:01] SKIP: fuera de horario (1850)
[2026-05-20 18:55:01] === MONITOR LOCAL INICIO 2026-05-20 1855 ===
[2026-05-20 18:55:01] SKIP: fuera de horario (1855)
[2026-05-20 19:00:01] === MONITOR LOCAL INICIO 2026-05-20 1900 ===
[2026-05-20 19:00:01] SKIP: fuera de horario (1900)
[2026-05-20 19:05:01] === MONITOR LOCAL INICIO 2026-05-20 1905 ===
[2026-05-20 19:05:01] SKIP: fuera de horario (1905)
[2026-05-20 19:10:01] === MONITOR LOCAL INICIO 2026-05-20 1910 ===
[2026-05-20 19:10:01] SKIP: fuera de horario (1910)
[2026-05-20 19:15:01] === MONITOR LOCAL INICIO 2026-05-20 1915 ===
[2026-05-20 19:15:01] SKIP: fuera de horario (1915)
[2026-05-20 19:20:01] === MONITOR LOCAL INICIO 2026-05-20 1920 ===
[2026-05-20 19:20:01] SKIP: fuera de horario (1920)
[2026-05-20 19:25:01] === MONITOR LOCAL INICIO 2026-05-20 1925 ===
[2026-05-20 19:25:01] SKIP: fuera de horario (1925)
[2026-05-20 19:30:01] === MONITOR LOCAL INICIO 2026-05-20 1930 ===
[2026-05-20 19:30:01] SKIP: fuera de horario (1930)
[2026-05-20 19:35:02] === MONITOR LOCAL INICIO 2026-05-20 1935 ===
[2026-05-20 19:35:02] SKIP: fuera de horario (1935)
[2026-05-20 21:35:01] === MONITOR LOCAL INICIO 2026-05-20 2135 ===
[2026-05-20 21:35:01] SKIP: fuera de horario (2135)
[2026-05-20 21:40:01] === MONITOR LOCAL INICIO 2026-05-20 2140 ===
[2026-05-20 21:40:01] SKIP: fuera de horario (2140)
[2026-05-20 21:45:01] === MONITOR LOCAL INICIO 2026-05-20 2145 ===
[2026-05-20 21:45:01] SKIP: fuera de horario (2145)
[2026-05-20 21:50:01] === MONITOR LOCAL INICIO 2026-05-20 2150 ===
[2026-05-20 21:50:01] SKIP: fuera de horario (2150)
[2026-05-20 21:55:01] === MONITOR LOCAL INICIO 2026-05-20 2155 ===
[2026-05-20 21:55:01] SKIP: fuera de horario (2155)
[2026-05-20 22:00:01] === MONITOR LOCAL INICIO 2026-05-20 2200 ===
[2026-05-20 22:00:01] SKIP: fuera de horario (2200)
[2026-05-20 22:05:01] === MONITOR LOCAL INICIO 2026-05-20 2205 ===
[2026-05-20 22:05:01] SKIP: fuera de horario (2205)
[2026-05-20 22:10:01] === MONITOR LOCAL INICIO 2026-05-20 2210 ===
[2026-05-20 22:10:01] SKIP: fuera de horario (2210)
[2026-05-20 23:25:01] === MONITOR LOCAL INICIO 2026-05-20 2325 ===
[2026-05-20 23:25:01] SKIP: fuera de horario (2325)
[2026-05-20 23:30:01] === MONITOR LOCAL INICIO 2026-05-20 2330 ===
[2026-05-20 23:30:01] SKIP: fuera de horario (2330)
[2026-05-20 23:35:01] === MONITOR LOCAL INICIO 2026-05-20 2335 ===
[2026-05-20 23:35:01] SKIP: fuera de horario (2335)
[2026-05-20 23:40:01] === MONITOR LOCAL INICIO 2026-05-20 2340 ===
[2026-05-20 23:40:01] SKIP: fuera de horario (2340)
[2026-05-20 23:45:01] === MONITOR LOCAL INICIO 2026-05-20 2345 ===
[2026-05-20 23:45:01] SKIP: fuera de horario (2345)
[2026-05-20 23:50:01] === MONITOR LOCAL INICIO 2026-05-20 2350 ===
[2026-05-20 23:50:01] SKIP: fuera de horario (2350)
[2026-05-20 23:55:01] === MONITOR LOCAL INICIO 2026-05-20 2355 ===
[2026-05-20 23:55:01] SKIP: fuera de horario (2355)
[2026-05-21 00:00:01] === MONITOR LOCAL INICIO 2026-05-21 0000 ===
[2026-05-21 00:00:01] SKIP: fuera de horario (0000)
[2026-05-21 00:05:01] === MONITOR LOCAL INICIO 2026-05-21 0005 ===
[2026-05-21 00:05:01] SKIP: fuera de horario (0005)
[2026-05-21 00:10:01] === MONITOR LOCAL INICIO 2026-05-21 0010 ===
[2026-05-21 00:10:01] SKIP: fuera de horario (0010)
[2026-05-21 00:15:01] === MONITOR LOCAL INICIO 2026-05-21 0015 ===
[2026-05-21 00:15:01] SKIP: fuera de horario (0015)
[2026-05-21 00:20:01] === MONITOR LOCAL INICIO 2026-05-21 0020 ===
[2026-05-21 00:20:01] SKIP: fuera de horario (0020)
[2026-05-21 00:25:01] === MONITOR LOCAL INICIO 2026-05-21 0025 ===
[2026-05-21 00:25:01] SKIP: fuera de horario (0025)
[2026-05-21 00:30:01] === MONITOR LOCAL INICIO 2026-05-21 0030 ===
[2026-05-21 00:30:01] SKIP: fuera de horario (0030)
[2026-05-21 00:35:01] === MONITOR LOCAL INICIO 2026-05-21 0035 ===
[2026-05-21 00:35:01] SKIP: fuera de horario (0035)
[2026-05-21 00:40:01] === MONITOR LOCAL INICIO 2026-05-21 0040 ===
[2026-05-21 00:40:01] SKIP: fuera de horario (0040)
[2026-05-21 00:45:01] === MONITOR LOCAL INICIO 2026-05-21 0045 ===
[2026-05-21 00:45:01] SKIP: fuera de horario (0045)
[2026-05-21 00:50:01] === MONITOR LOCAL INICIO 2026-05-21 0050 ===
[2026-05-21 00:50:01] SKIP: fuera de horario (0050)
[2026-05-21 00:55:01] === MONITOR LOCAL INICIO 2026-05-21 0055 ===
[2026-05-21 00:55:01] SKIP: fuera de horario (0055)
[2026-05-21 01:00:01] === MONITOR LOCAL INICIO 2026-05-21 0100 ===
[2026-05-21 01:00:01] SKIP: fuera de horario (0100)
[2026-05-21 01:05:01] === MONITOR LOCAL INICIO 2026-05-21 0105 ===
[2026-05-21 01:05:01] SKIP: fuera de horario (0105)
[2026-05-21 01:10:01] === MONITOR LOCAL INICIO 2026-05-21 0110 ===
[2026-05-21 01:10:01] SKIP: fuera de horario (0110)
[2026-05-21 01:15:01] === MONITOR LOCAL INICIO 2026-05-21 0115 ===
[2026-05-21 01:15:01] SKIP: fuera de horario (0115)
[2026-05-21 01:20:01] === MONITOR LOCAL INICIO 2026-05-21 0120 ===
[2026-05-21 01:20:01] SKIP: fuera de horario (0120)
[2026-05-21 01:25:01] === MONITOR LOCAL INICIO 2026-05-21 0125 ===
[2026-05-21 01:25:01] SKIP: fuera de horario (0125)
[2026-05-21 01:30:01] === MONITOR LOCAL INICIO 2026-05-21 0130 ===
[2026-05-21 01:30:01] SKIP: fuera de horario (0130)
[2026-05-21 01:35:01] === MONITOR LOCAL INICIO 2026-05-21 0135 ===
[2026-05-21 01:35:01] SKIP: fuera de horario (0135)
[2026-05-21 01:40:01] === MONITOR LOCAL INICIO 2026-05-21 0140 ===
[2026-05-21 01:40:01] SKIP: fuera de horario (0140)
[2026-05-21 01:45:01] === MONITOR LOCAL INICIO 2026-05-21 0145 ===
[2026-05-21 01:45:01] SKIP: fuera de horario (0145)
[2026-05-21 01:50:01] === MONITOR LOCAL INICIO 2026-05-21 0150 ===
[2026-05-21 01:50:01] SKIP: fuera de horario (0150)
[2026-05-21 01:55:01] === MONITOR LOCAL INICIO 2026-05-21 0155 ===
[2026-05-21 01:55:01] SKIP: fuera de horario (0155)
[2026-05-21 02:00:01] === MONITOR LOCAL INICIO 2026-05-21 0200 ===
[2026-05-21 02:00:01] SKIP: fuera de horario (0200)
[2026-05-21 02:05:01] === MONITOR LOCAL INICIO 2026-05-21 0205 ===
[2026-05-21 02:05:01] SKIP: fuera de horario (0205)
[2026-05-21 02:10:01] === MONITOR LOCAL INICIO 2026-05-21 0210 ===
[2026-05-21 02:10:01] SKIP: fuera de horario (0210)
[2026-05-21 02:15:01] === MONITOR LOCAL INICIO 2026-05-21 0215 ===
[2026-05-21 02:15:01] SKIP: fuera de horario (0215)
[2026-05-21 02:20:01] === MONITOR LOCAL INICIO 2026-05-21 0220 ===
[2026-05-21 02:20:01] SKIP: fuera de horario (0220)
[2026-05-21 02:25:01] === MONITOR LOCAL INICIO 2026-05-21 0225 ===
[2026-05-21 02:25:01] SKIP: fuera de horario (0225)
[2026-05-21 02:30:01] === MONITOR LOCAL INICIO 2026-05-21 0230 ===
[2026-05-21 02:30:01] SKIP: fuera de horario (0230)
[2026-05-21 02:35:01] === MONITOR LOCAL INICIO 2026-05-21 0235 ===
[2026-05-21 02:35:01] SKIP: fuera de horario (0235)
[2026-05-21 02:40:01] === MONITOR LOCAL INICIO 2026-05-21 0240 ===
[2026-05-21 02:40:01] SKIP: fuera de horario (0240)
[2026-05-21 02:45:01] === MONITOR LOCAL INICIO 2026-05-21 0245 ===
[2026-05-21 02:45:01] SKIP: fuera de horario (0245)
[2026-05-21 02:50:01] === MONITOR LOCAL INICIO 2026-05-21 0250 ===
[2026-05-21 02:50:01] SKIP: fuera de horario (0250)
[2026-05-21 02:55:01] === MONITOR LOCAL INICIO 2026-05-21 0255 ===
[2026-05-21 02:55:01] SKIP: fuera de horario (0255)
[2026-05-21 03:00:01] === MONITOR LOCAL INICIO 2026-05-21 0300 ===
[2026-05-21 03:00:01] SKIP: fuera de horario (0300)
[2026-05-21 03:05:01] === MONITOR LOCAL INICIO 2026-05-21 0305 ===
[2026-05-21 03:05:01] SKIP: fuera de horario (0305)
[2026-05-21 03:10:01] === MONITOR LOCAL INICIO 2026-05-21 0310 ===
[2026-05-21 03:10:01] SKIP: fuera de horario (0310)
[2026-05-21 03:15:01] === MONITOR LOCAL INICIO 2026-05-21 0315 ===
[2026-05-21 03:15:01] SKIP: fuera de horario (0315)
[2026-05-21 03:20:01] === MONITOR LOCAL INICIO 2026-05-21 0320 ===
[2026-05-21 03:20:01] SKIP: fuera de horario (0320)
[2026-05-21 03:25:01] === MONITOR LOCAL INICIO 2026-05-21 0325 ===
[2026-05-21 03:25:01] SKIP: fuera de horario (0325)
[2026-05-21 03:30:01] === MONITOR LOCAL INICIO 2026-05-21 0330 ===
[2026-05-21 03:30:01] SKIP: fuera de horario (0330)
[2026-05-21 03:35:01] === MONITOR LOCAL INICIO 2026-05-21 0335 ===
[2026-05-21 03:35:01] SKIP: fuera de horario (0335)
[2026-05-21 03:40:01] === MONITOR LOCAL INICIO 2026-05-21 0340 ===
[2026-05-21 03:40:01] SKIP: fuera de horario (0340)
[2026-05-21 03:45:01] === MONITOR LOCAL INICIO 2026-05-21 0345 ===
[2026-05-21 03:45:01] SKIP: fuera de horario (0345)
[2026-05-21 03:50:01] === MONITOR LOCAL INICIO 2026-05-21 0350 ===
[2026-05-21 03:50:01] SKIP: fuera de horario (0350)
[2026-05-21 03:55:01] === MONITOR LOCAL INICIO 2026-05-21 0355 ===
[2026-05-21 03:55:02] SKIP: fuera de horario (0355)
[2026-05-21 04:00:02] === MONITOR LOCAL INICIO 2026-05-21 0400 ===
[2026-05-21 04:00:02] SKIP: fuera de horario (0400)
[2026-05-21 04:05:01] === MONITOR LOCAL INICIO 2026-05-21 0405 ===
[2026-05-21 04:05:01] SKIP: fuera de horario (0405)
[2026-05-21 04:10:01] === MONITOR LOCAL INICIO 2026-05-21 0410 ===
[2026-05-21 04:10:01] SKIP: fuera de horario (0410)
[2026-05-21 04:15:01] === MONITOR LOCAL INICIO 2026-05-21 0415 ===
[2026-05-21 04:15:01] SKIP: fuera de horario (0415)
[2026-05-21 04:20:01] === MONITOR LOCAL INICIO 2026-05-21 0420 ===
[2026-05-21 04:20:01] SKIP: fuera de horario (0420)
[2026-05-21 04:25:01] === MONITOR LOCAL INICIO 2026-05-21 0425 ===
[2026-05-21 04:25:01] SKIP: fuera de horario (0425)
[2026-05-21 04:30:01] === MONITOR LOCAL INICIO 2026-05-21 0430 ===
[2026-05-21 04:30:01] SKIP: fuera de horario (0430)
[2026-05-21 04:35:01] === MONITOR LOCAL INICIO 2026-05-21 0435 ===
[2026-05-21 04:35:01] SKIP: fuera de horario (0435)
[2026-05-21 04:40:01] === MONITOR LOCAL INICIO 2026-05-21 0440 ===
[2026-05-21 04:40:01] SKIP: fuera de horario (0440)
[2026-05-21 04:45:01] === MONITOR LOCAL INICIO 2026-05-21 0445 ===
[2026-05-21 04:45:01] SKIP: fuera de horario (0445)
[2026-05-21 04:50:01] === MONITOR LOCAL INICIO 2026-05-21 0450 ===
[2026-05-21 04:50:01] SKIP: fuera de horario (0450)
[2026-05-21 04:55:01] === MONITOR LOCAL INICIO 2026-05-21 0455 ===
[2026-05-21 04:55:01] SKIP: fuera de horario (0455)
[2026-05-21 05:00:01] === MONITOR LOCAL INICIO 2026-05-21 0500 ===
[2026-05-21 05:00:01] SKIP: fuera de horario (0500)
[2026-05-21 05:05:01] === MONITOR LOCAL INICIO 2026-05-21 0505 ===
[2026-05-21 05:05:01] SKIP: fuera de horario (0505)
[2026-05-21 05:10:01] === MONITOR LOCAL INICIO 2026-05-21 0510 ===
[2026-05-21 05:10:01] SKIP: fuera de horario (0510)
[2026-05-21 05:15:01] === MONITOR LOCAL INICIO 2026-05-21 0515 ===
[2026-05-21 05:15:01] SKIP: fuera de horario (0515)
[2026-05-21 05:20:01] === MONITOR LOCAL INICIO 2026-05-21 0520 ===
[2026-05-21 05:20:01] SKIP: fuera de horario (0520)
[2026-05-21 05:25:01] === MONITOR LOCAL INICIO 2026-05-21 0525 ===
[2026-05-21 05:25:01] SKIP: fuera de horario (0525)
[2026-05-21 05:30:01] === MONITOR LOCAL INICIO 2026-05-21 0530 ===
[2026-05-21 05:30:01] SKIP: fuera de horario (0530)
[2026-05-21 05:35:01] === MONITOR LOCAL INICIO 2026-05-21 0535 ===
[2026-05-21 05:35:01] SKIP: fuera de horario (0535)
[2026-05-21 05:40:01] === MONITOR LOCAL INICIO 2026-05-21 0540 ===
[2026-05-21 05:40:01] SKIP: fuera de horario (0540)
[2026-05-21 05:45:01] === MONITOR LOCAL INICIO 2026-05-21 0545 ===
[2026-05-21 05:45:01] SKIP: fuera de horario (0545)
[2026-05-21 05:50:01] === MONITOR LOCAL INICIO 2026-05-21 0550 ===
[2026-05-21 05:50:01] SKIP: fuera de horario (0550)
[2026-05-21 05:55:01] === MONITOR LOCAL INICIO 2026-05-21 0555 ===
[2026-05-21 05:55:01] SKIP: fuera de horario (0555)
[2026-05-21 06:00:01] === MONITOR LOCAL INICIO 2026-05-21 0600 ===
[2026-05-21 06:00:01] SKIP: fuera de horario (0600)
[2026-05-21 06:05:01] === MONITOR LOCAL INICIO 2026-05-21 0605 ===
[2026-05-21 06:05:01] SKIP: fuera de horario (0605)
[2026-05-21 06:10:01] === MONITOR LOCAL INICIO 2026-05-21 0610 ===
[2026-05-21 06:10:01] SKIP: fuera de horario (0610)
[2026-05-21 06:15:01] === MONITOR LOCAL INICIO 2026-05-21 0615 ===
[2026-05-21 06:15:01] SKIP: fuera de horario (0615)
[2026-05-21 06:20:01] === MONITOR LOCAL INICIO 2026-05-21 0620 ===
[2026-05-21 06:20:01] SKIP: fuera de horario (0620)
[2026-05-21 06:25:01] === MONITOR LOCAL INICIO 2026-05-21 0625 ===
[2026-05-21 06:25:01] SKIP: fuera de horario (0625)
[2026-05-21 06:30:01] === MONITOR LOCAL INICIO 2026-05-21 0630 ===
[2026-05-21 06:30:01] SKIP: fuera de horario (0630)
[2026-05-21 06:35:01] === MONITOR LOCAL INICIO 2026-05-21 0635 ===
[2026-05-21 06:35:01] SKIP: fuera de horario (0635)
[2026-05-21 06:40:01] === MONITOR LOCAL INICIO 2026-05-21 0640 ===
[2026-05-21 06:40:01] SKIP: fuera de horario (0640)
[2026-05-21 06:45:01] === MONITOR LOCAL INICIO 2026-05-21 0645 ===
[2026-05-21 06:45:01] SKIP: fuera de horario (0645)
[2026-05-21 06:50:01] === MONITOR LOCAL INICIO 2026-05-21 0650 ===
[2026-05-21 06:50:01] SKIP: fuera de horario (0650)
[2026-05-21 06:55:01] === MONITOR LOCAL INICIO 2026-05-21 0655 ===
[2026-05-21 06:55:01] SKIP: fuera de horario (0655)
[2026-05-21 07:00:01] === MONITOR LOCAL INICIO 2026-05-21 0700 ===
[2026-05-21 07:00:01] SKIP: fuera de horario (0700)
[2026-05-21 07:05:01] === MONITOR LOCAL INICIO 2026-05-21 0705 ===
[2026-05-21 07:05:01] SKIP: fuera de horario (0705)
[2026-05-21 07:10:01] === MONITOR LOCAL INICIO 2026-05-21 0710 ===
[2026-05-21 07:10:01] SKIP: fuera de horario (0710)
[2026-05-21 07:15:01] === MONITOR LOCAL INICIO 2026-05-21 0715 ===
[2026-05-21 07:15:01] SKIP: fuera de horario (0715)
[2026-05-21 07:20:01] === MONITOR LOCAL INICIO 2026-05-21 0720 ===
[2026-05-21 07:20:01] SKIP: fuera de horario (0720)
[2026-05-21 07:25:01] === MONITOR LOCAL INICIO 2026-05-21 0725 ===
[2026-05-21 07:25:01] SKIP: fuera de horario (0725)
[2026-05-21 07:30:01] === MONITOR LOCAL INICIO 2026-05-21 0730 ===
[2026-05-21 07:30:01] SKIP: fuera de horario (0730)
[2026-05-21 07:35:01] === MONITOR LOCAL INICIO 2026-05-21 0735 ===
[2026-05-21 07:35:01] SKIP: fuera de horario (0735)
[2026-05-21 07:40:01] === MONITOR LOCAL INICIO 2026-05-21 0740 ===
[2026-05-21 07:40:01] SKIP: fuera de horario (0740)
[2026-05-21 07:45:01] === MONITOR LOCAL INICIO 2026-05-21 0745 ===
[2026-05-21 07:45:01] SKIP: fuera de horario (0745)
[2026-05-21 07:50:01] === MONITOR LOCAL INICIO 2026-05-21 0750 ===
[2026-05-21 07:50:01] SKIP: fuera de horario (0750)
[2026-05-21 07:55:01] === MONITOR LOCAL INICIO 2026-05-21 0755 ===
[2026-05-21 07:55:01] SKIP: fuera de horario (0755)
[2026-05-21 08:00:01] === MONITOR LOCAL INICIO 2026-05-21 0800 ===
/mnt/c/dashboard/Github/scripts/monitor_local.sh: line 373: [[: 0800: value too great for base (error token is "0800")
/mnt/c/dashboard/Github/scripts/monitor_local.sh: line 373: [[: 0800: value too great for base (error token is "0800")
[2026-05-21 08:00:03] WATCHDOG: Sin datos en mercado
/mnt/c/dashboard/Github/scripts/monitor_local.sh: line 34: [[: 0800: value too great for base (error token is "0800")
[2026-05-21 08:00:03] === MONITOR LOCAL FIN ===
[2026-05-21 08:05:01] === MONITOR LOCAL INICIO 2026-05-21 0805 ===
/mnt/c/dashboard/Github/scripts/monitor_local.sh: line 373: [[: 0805: value too great for base (error token is "0805")
/mnt/c/dashboard/Github/scripts/monitor_local.sh: line 373: [[: 0805: value too great for base (error token is "0805")
[2026-05-21 08:05:01] WATCHDOG: Sin datos en mercado
/mnt/c/dashboard/Github/scripts/monitor_local.sh: line 34: [[: 0805: value too great for base (error token is "0805")
[2026-05-21 08:05:01] === MONITOR LOCAL FIN ===
[2026-05-21 08:10:01] === MONITOR LOCAL INICIO 2026-05-21 0810 ===
/mnt/c/dashboard/Github/scripts/monitor_local.sh: line 373: [[: 0810: value too great for base (error token is "0810")
/mnt/c/dashboard/Github/scripts/monitor_local.sh: line 373: [[: 0810: value too great for base (error token is "0810")
[2026-05-21 08:10:03] WATCHDOG: Sin datos en mercado
/mnt/c/dashboard/Github/scripts/monitor_local.sh: line 34: [[: 0810: value too great for base (error token is "0810")
[2026-05-21 08:10:03] === MONITOR LOCAL FIN ===
[2026-05-21 08:15:01] === MONITOR LOCAL INICIO 2026-05-21 0815 ===
/mnt/c/dashboard/Github/scripts/monitor_local.sh: line 373: [[: 0815: value too great for base (error token is "0815")
/mnt/c/dashboard/Github/scripts/monitor_local.sh: line 373: [[: 0815: value too great for base (error token is "0815")
[2026-05-21 08:15:01] WATCHDOG: Sin datos en mercado
/mnt/c/dashboard/Github/scripts/monitor_local.sh: line 34: [[: 0815: value too great for base (error token is "0815")
[2026-05-21 08:15:01] === MONITOR LOCAL FIN ===
[2026-05-21 08:20:01] === MONITOR LOCAL INICIO 2026-05-21 0820 ===
/mnt/c/dashboard/Github/scripts/monitor_local.sh: line 373: [[: 0820: value too great for base (error token is "0820")
/mnt/c/dashboard/Github/scripts/monitor_local.sh: line 373: [[: 0820: value too great for base (error token is "0820")
[2026-05-21 08:20:02] WATCHDOG: Sin datos en mercado
/mnt/c/dashboard/Github/scripts/monitor_local.sh: line 34: [[: 0820: value too great for base (error token is "0820")
[2026-05-21 08:20:02] === MONITOR LOCAL FIN ===
[2026-05-21 08:25:01] === MONITOR LOCAL INICIO 2026-05-21 0825 ===
/mnt/c/dashboard/Github/scripts/monitor_local.sh: line 373: [[: 0825: value too great for base (error token is "0825")
/mnt/c/dashboard/Github/scripts/monitor_local.sh: line 373: [[: 0825: value too great for base (error token is "0825")
[2026-05-21 08:25:01] WATCHDOG: Sin datos en mercado
/mnt/c/dashboard/Github/scripts/monitor_local.sh: line 34: [[: 0825: value too great for base (error token is "0825")
[2026-05-21 08:25:01] === MONITOR LOCAL FIN ===
[2026-05-21 08:30:01] === MONITOR LOCAL INICIO 2026-05-21 0830 ===
/mnt/c/dashboard/Github/scripts/monitor_local.sh: line 373: [[: 0830: value too great for base (error token is "0830")
/mnt/c/dashboard/Github/scripts/monitor_local.sh: line 373: [[: 0830: value too great for base (error token is "0830")
[2026-05-21 08:30:02] WATCHDOG: Sin datos en mercado
/mnt/c/dashboard/Github/scripts/monitor_local.sh: line 34: [[: 0830: value too great for base (error token is "0830")
[2026-05-21 08:30:02] === MONITOR LOCAL FIN ===
[2026-05-21 08:35:01] === MONITOR LOCAL INICIO 2026-05-21 0835 ===
/mnt/c/dashboard/Github/scripts/monitor_local.sh: line 373: [[: 0835: value too great for base (error token is "0835")
/mnt/c/dashboard/Github/scripts/monitor_local.sh: line 373: [[: 0835: value too great for base (error token is "0835")
[2026-05-21 08:35:02] WATCHDOG: Sin datos en mercado
/mnt/c/dashboard/Github/scripts/monitor_local.sh: line 34: [[: 0835: value too great for base (error token is "0835")
[2026-05-21 08:35:02] === MONITOR LOCAL FIN ===
[2026-05-21 08:40:01] === MONITOR LOCAL INICIO 2026-05-21 0840 ===
/mnt/c/dashboard/Github/scripts/monitor_local.sh: line 373: [[: 0840: value too great for base (error token is "0840")
/mnt/c/dashboard/Github/scripts/monitor_local.sh: line 373: [[: 0840: value too great for base (error token is "0840")
[2026-05-21 08:40:01] WATCHDOG: Sin datos en mercado
/mnt/c/dashboard/Github/scripts/monitor_local.sh: line 34: [[: 0840: value too great for base (error token is "0840")
[2026-05-21 08:40:01] === MONITOR LOCAL FIN ===
[2026-05-21 08:45:01] === MONITOR LOCAL INICIO 2026-05-21 0845 ===
/mnt/c/dashboard/Github/scripts/monitor_local.sh: line 373: [[: 0845: value too great for base (error token is "0845")
/mnt/c/dashboard/Github/scripts/monitor_local.sh: line 373: [[: 0845: value too great for base (error token is "0845")
[2026-05-21 08:45:02] WATCHDOG: Sin datos en mercado
/mnt/c/dashboard/Github/scripts/monitor_local.sh: line 34: [[: 0845: value too great for base (error token is "0845")
[2026-05-21 08:45:02] === MONITOR LOCAL FIN ===
[2026-05-21 08:50:01] === MONITOR LOCAL INICIO 2026-05-21 0850 ===
/mnt/c/dashboard/Github/scripts/monitor_local.sh: line 373: [[: 0850: value too great for base (error token is "0850")
/mnt/c/dashboard/Github/scripts/monitor_local.sh: line 373: [[: 0850: value too great for base (error token is "0850")
[2026-05-21 08:50:02] WATCHDOG: Sin datos en mercado
/mnt/c/dashboard/Github/scripts/monitor_local.sh: line 34: [[: 0850: value too great for base (error token is "0850")
[2026-05-21 08:50:02] === MONITOR LOCAL FIN ===
[2026-05-21 08:55:01] === MONITOR LOCAL INICIO 2026-05-21 0855 ===
/mnt/c/dashboard/Github/scripts/monitor_local.sh: line 373: [[: 0855: value too great for base (error token is "0855")
/mnt/c/dashboard/Github/scripts/monitor_local.sh: line 373: [[: 0855: value too great for base (error token is "0855")
[2026-05-21 08:55:01] WATCHDOG: Sin datos en mercado
/mnt/c/dashboard/Github/scripts/monitor_local.sh: line 34: [[: 0855: value too great for base (error token is "0855")
[2026-05-21 08:55:01] === MONITOR LOCAL FIN ===
[2026-05-21 09:00:01] === MONITOR LOCAL INICIO 2026-05-21 0900 ===
/mnt/c/dashboard/Github/scripts/monitor_local.sh: line 373: [[: 0900: value too great for base (error token is "0900")
/mnt/c/dashboard/Github/scripts/monitor_local.sh: line 373: [[: 0900: value too great for base (error token is "0900")
[2026-05-21 09:00:02] WATCHDOG: Sin datos en mercado
/mnt/c/dashboard/Github/scripts/monitor_local.sh: line 34: [[: 0900: value too great for base (error token is "0900")
[2026-05-21 09:00:02] === MONITOR LOCAL FIN ===
[2026-05-21 09:05:01] === MONITOR LOCAL INICIO 2026-05-21 0905 ===
/mnt/c/dashboard/Github/scripts/monitor_local.sh: line 373: [[: 0905: value too great for base (error token is "0905")
/mnt/c/dashboard/Github/scripts/monitor_local.sh: line 373: [[: 0905: value too great for base (error token is "0905")
[2026-05-21 09:05:02] WATCHDOG: Sin datos en mercado
/mnt/c/dashboard/Github/scripts/monitor_local.sh: line 34: [[: 0905: value too great for base (error token is "0905")
[2026-05-21 09:05:02] === MONITOR LOCAL FIN ===
[2026-05-21 09:10:01] === MONITOR LOCAL INICIO 2026-05-21 0910 ===
/mnt/c/dashboard/Github/scripts/monitor_local.sh: line 373: [[: 0910: value too great for base (error token is "0910")
/mnt/c/dashboard/Github/scripts/monitor_local.sh: line 373: [[: 0910: value too great for base (error token is "0910")
[2026-05-21 09:10:01] WATCHDOG: Sin datos en mercado
/mnt/c/dashboard/Github/scripts/monitor_local.sh: line 34: [[: 0910: value too great for base (error token is "0910")
[2026-05-21 09:10:01] === MONITOR LOCAL FIN ===
[2026-05-21 09:15:01] === MONITOR LOCAL INICIO 2026-05-21 0915 ===
/mnt/c/dashboard/Github/scripts/monitor_local.sh: line 373: [[: 0915: value too great for base (error token is "0915")
/mnt/c/dashboard/Github/scripts/monitor_local.sh: line 373: [[: 0915: value too great for base (error token is "0915")
[2026-05-21 09:15:02] WATCHDOG: Sin datos en mercado
/mnt/c/dashboard/Github/scripts/monitor_local.sh: line 34: [[: 0915: value too great for base (error token is "0915")
[2026-05-21 09:15:02] === MONITOR LOCAL FIN ===
[2026-05-21 09:20:01] === MONITOR LOCAL INICIO 2026-05-21 0920 ===
/mnt/c/dashboard/Github/scripts/monitor_local.sh: line 373: [[: 0920: value too great for base (error token is "0920")
/mnt/c/dashboard/Github/scripts/monitor_local.sh: line 373: [[: 0920: value too great for base (error token is "0920")
[2026-05-21 09:20:01] WATCHDOG: Sin datos en mercado
/mnt/c/dashboard/Github/scripts/monitor_local.sh: line 34: [[: 0920: value too great for base (error token is "0920")
[2026-05-21 09:20:01] === MONITOR LOCAL FIN ===
[2026-05-21 09:25:02] === MONITOR LOCAL INICIO 2026-05-21 0925 ===
/mnt/c/dashboard/Github/scripts/monitor_local.sh: line 373: [[: 0925: value too great for base (error token is "0925")
/mnt/c/dashboard/Github/scripts/monitor_local.sh: line 373: [[: 0925: value too great for base (error token is "0925")
[2026-05-21 09:25:03] WATCHDOG: Sin datos en mercado
/mnt/c/dashboard/Github/scripts/monitor_local.sh: line 34: [[: 0925: value too great for base (error token is "0925")
[2026-05-21 09:25:03] === MONITOR LOCAL FIN ===
[2026-05-21 09:30:01] === MONITOR LOCAL INICIO 2026-05-21 0930 ===
/mnt/c/dashboard/Github/scripts/monitor_local.sh: line 373: [[: 0930: value too great for base (error token is "0930")
/mnt/c/dashboard/Github/scripts/monitor_local.sh: line 373: [[: 0930: value too great for base (error token is "0930")
[2026-05-21 09:30:01] WATCHDOG: Sin datos en mercado
/mnt/c/dashboard/Github/scripts/monitor_local.sh: line 34: [[: 0930: value too great for base (error token is "0930")
[2026-05-21 09:30:01] === MONITOR LOCAL FIN ===
[2026-05-21 09:35:01] === MONITOR LOCAL INICIO 2026-05-21 0935 ===
/mnt/c/dashboard/Github/scripts/monitor_local.sh: line 373: [[: 0935: value too great for base (error token is "0935")
/mnt/c/dashboard/Github/scripts/monitor_local.sh: line 373: [[: 0935: value too great for base (error token is "0935")
[2026-05-21 09:35:02] WATCHDOG: Sin datos en mercado
/mnt/c/dashboard/Github/scripts/monitor_local.sh: line 34: [[: 0935: value too great for base (error token is "0935")
[2026-05-21 09:35:02] === MONITOR LOCAL FIN ===
[2026-05-21 09:40:01] === MONITOR LOCAL INICIO 2026-05-21 0940 ===
/mnt/c/dashboard/Github/scripts/monitor_local.sh: line 373: [[: 0940: value too great for base (error token is "0940")
/mnt/c/dashboard/Github/scripts/monitor_local.sh: line 373: [[: 0940: value too great for base (error token is "0940")
[2026-05-21 09:40:02] WATCHDOG: Sin datos en mercado
/mnt/c/dashboard/Github/scripts/monitor_local.sh: line 34: [[: 0940: value too great for base (error token is "0940")
[2026-05-21 09:40:02] === MONITOR LOCAL FIN ===
[2026-05-21 09:45:01] === MONITOR LOCAL INICIO 2026-05-21 0945 ===
/mnt/c/dashboard/Github/scripts/monitor_local.sh: line 373: [[: 0945: value too great for base (error token is "0945")
/mnt/c/dashboard/Github/scripts/monitor_local.sh: line 373: [[: 0945: value too great for base (error token is "0945")
[2026-05-21 09:45:01] WATCHDOG: Sin datos en mercado
/mnt/c/dashboard/Github/scripts/monitor_local.sh: line 34: [[: 0945: value too great for base (error token is "0945")
[2026-05-21 09:45:01] === MONITOR LOCAL FIN ===
[2026-05-21 09:50:01] === MONITOR LOCAL INICIO 2026-05-21 0950 ===
/mnt/c/dashboard/Github/scripts/monitor_local.sh: line 373: [[: 0950: value too great for base (error token is "0950")
/mnt/c/dashboard/Github/scripts/monitor_local.sh: line 373: [[: 0950: value too great for base (error token is "0950")
[2026-05-21 09:50:02] WATCHDOG: Sin datos en mercado
/mnt/c/dashboard/Github/scripts/monitor_local.sh: line 34: [[: 0950: value too great for base (error token is "0950")
[2026-05-21 09:50:02] === MONITOR LOCAL FIN ===
[2026-05-21 09:55:01] === MONITOR LOCAL INICIO 2026-05-21 0955 ===
/mnt/c/dashboard/Github/scripts/monitor_local.sh: line 373: [[: 0955: value too great for base (error token is "0955")
/mnt/c/dashboard/Github/scripts/monitor_local.sh: line 373: [[: 0955: value too great for base (error token is "0955")
[2026-05-21 09:55:01] WATCHDOG: Sin datos en mercado
/mnt/c/dashboard/Github/scripts/monitor_local.sh: line 34: [[: 0955: value too great for base (error token is "0955")
[2026-05-21 09:55:01] === MONITOR LOCAL FIN ===
[2026-05-21 10:00:01] === MONITOR LOCAL INICIO 2026-05-21 1000 ===
[2026-05-21 10:00:01] SKIP: fuera de horario (1000)
[2026-05-21 10:05:01] === MONITOR LOCAL INICIO 2026-05-21 1005 ===
[2026-05-21 10:05:01] SKIP: fuera de horario (1005)
[2026-05-21 10:10:01] === MONITOR LOCAL INICIO 2026-05-21 1010 ===
[2026-05-21 10:10:01] SKIP: fuera de horario (1010)
[2026-05-21 10:15:01] === MONITOR LOCAL INICIO 2026-05-21 1015 ===
[2026-05-21 10:15:01] SKIP: fuera de horario (1015)
[2026-05-21 10:20:01] === MONITOR LOCAL INICIO 2026-05-21 1020 ===
[2026-05-21 10:20:01] SKIP: fuera de horario (1020)
[2026-05-21 10:25:01] === MONITOR LOCAL INICIO 2026-05-21 1025 ===
[2026-05-21 10:25:01] SKIP: fuera de horario (1025)
[2026-05-21 10:30:01] === MONITOR LOCAL INICIO 2026-05-21 1030 ===
[2026-05-21 10:30:01] SKIP: fuera de horario (1030)
[2026-05-21 10:35:01] === MONITOR LOCAL INICIO 2026-05-21 1035 ===
[2026-05-21 10:35:01] SKIP: fuera de horario (1035)
[2026-05-21 10:40:01] === MONITOR LOCAL INICIO 2026-05-21 1040 ===
[2026-05-21 10:40:01] WATCHDOG: Sin datos en mercado
[2026-05-21 10:40:01] === MONITOR LOCAL FIN ===
[2026-05-21 10:45:01] === MONITOR LOCAL INICIO 2026-05-21 1045 ===
[2026-05-21 10:45:02] WATCHDOG: Sin datos en mercado
[2026-05-21 10:45:02] === MONITOR LOCAL FIN ===
[2026-05-21 10:50:02] === MONITOR LOCAL INICIO 2026-05-21 1050 ===
[2026-05-21 10:50:02] WATCHDOG: Sin datos en mercado
[2026-05-21 10:50:02] === MONITOR LOCAL FIN ===
[2026-05-21 10:55:01] === MONITOR LOCAL INICIO 2026-05-21 1055 ===
[2026-05-21 10:55:02] WATCHDOG: Sin datos en mercado
[2026-05-21 10:55:02] === MONITOR LOCAL FIN ===
[2026-05-21 11:00:01] === MONITOR LOCAL INICIO 2026-05-21 1100 ===
[2026-05-21 11:00:01] WATCHDOG: Sin datos en mercado
[2026-05-21 11:00:01] === MONITOR LOCAL FIN ===
[2026-05-21 11:05:01] === MONITOR LOCAL INICIO 2026-05-21 1105 ===
[2026-05-21 11:05:02] WATCHDOG: Sin datos en mercado
[2026-05-21 11:05:02] === MONITOR LOCAL FIN ===
[2026-05-21 11:10:01] === MONITOR LOCAL INICIO 2026-05-21 1110 ===
[2026-05-21 11:10:02] WATCHDOG: Sin datos en mercado
[2026-05-21 11:10:02] === MONITOR LOCAL FIN ===
[2026-05-21 11:15:01] === MONITOR LOCAL INICIO 2026-05-21 1115 ===
[2026-05-21 11:15:01] WATCHDOG: Sin datos en mercado
[2026-05-21 11:15:01] === MONITOR LOCAL FIN ===
[2026-05-21 11:20:01] === MONITOR LOCAL INICIO 2026-05-21 1120 ===
[2026-05-21 11:20:01] WATCHDOG: Sin datos en mercado
[2026-05-21 11:20:01] === MONITOR LOCAL FIN ===
[2026-05-21 11:25:01] === MONITOR LOCAL INICIO 2026-05-21 1125 ===
[2026-05-21 11:25:02] WATCHDOG: Sin datos en mercado
[2026-05-21 11:25:02] === MONITOR LOCAL FIN ===
[2026-05-21 11:30:01] === MONITOR LOCAL INICIO 2026-05-21 1130 ===
[2026-05-21 11:30:02] WATCHDOG: Sin datos en mercado
[2026-05-21 11:30:02] === MONITOR LOCAL FIN ===
[2026-05-21 11:35:01] === MONITOR LOCAL INICIO 2026-05-21 1135 ===
[2026-05-21 11:35:02] WATCHDOG: Sin datos en mercado
[2026-05-21 11:35:02] === MONITOR LOCAL FIN ===
[2026-05-21 11:40:01] === MONITOR LOCAL INICIO 2026-05-21 1140 ===
[2026-05-21 11:40:01] WATCHDOG: Sin datos en mercado
[2026-05-21 11:40:01] === MONITOR LOCAL FIN ===
[2026-05-21 11:45:01] === MONITOR LOCAL INICIO 2026-05-21 1145 ===
[2026-05-21 11:45:02] WATCHDOG: Sin datos en mercado
[2026-05-21 11:45:02] === MONITOR LOCAL FIN ===
[2026-05-21 11:50:01] === MONITOR LOCAL INICIO 2026-05-21 1150 ===
[2026-05-21 11:50:02] WATCHDOG: Sin datos en mercado
[2026-05-21 11:50:02] === MONITOR LOCAL FIN ===
[2026-05-21 11:55:02] === MONITOR LOCAL INICIO 2026-05-21 1155 ===
[2026-05-21 11:55:03] WATCHDOG: Sin datos en mercado
[2026-05-21 11:55:03] === MONITOR LOCAL FIN ===
[2026-05-21 12:00:01] === MONITOR LOCAL INICIO 2026-05-21 1200 ===
[2026-05-21 12:00:02] WATCHDOG: Sin datos en mercado
[2026-05-21 12:00:02] === MONITOR LOCAL FIN ===
[2026-05-21 12:05:01] === MONITOR LOCAL INICIO 2026-05-21 1205 ===
[2026-05-21 12:06:32] WATCHDOG: Sin datos en mercado
[2026-05-21 12:06:32] === MONITOR LOCAL FIN ===
[2026-05-21 12:10:01] === MONITOR LOCAL INICIO 2026-05-21 1210 ===
[2026-05-21 12:11:32] WATCHDOG: Sin datos en mercado
[2026-05-21 12:11:32] === MONITOR LOCAL FIN ===
[2026-05-21 12:15:01] === MONITOR LOCAL INICIO 2026-05-21 1215 ===
[2026-05-21 12:15:02] WATCHDOG: Sin datos en mercado
[2026-05-21 12:15:02] === MONITOR LOCAL FIN ===
[2026-05-21 12:20:01] === MONITOR LOCAL INICIO 2026-05-21 1220 ===
[2026-05-21 12:21:31] WATCHDOG: Sin datos en mercado
[2026-05-21 12:21:31] === MONITOR LOCAL FIN ===
[2026-05-21 12:25:01] === MONITOR LOCAL INICIO 2026-05-21 1225 ===
[2026-05-21 12:26:31] WATCHDOG: Sin datos en mercado
[2026-05-21 12:26:31] === MONITOR LOCAL FIN ===
[2026-05-21 12:30:01] === MONITOR LOCAL INICIO 2026-05-21 1230 ===
[2026-05-21 12:31:32] WATCHDOG: Sin datos en mercado
[2026-05-21 12:31:32] === MONITOR LOCAL FIN ===
[2026-05-21 12:35:01] === MONITOR LOCAL INICIO 2026-05-21 1235 ===
[2026-05-21 12:35:02] WATCHDOG: Sin datos en mercado
[2026-05-21 12:35:02] === MONITOR LOCAL FIN ===
[2026-05-21 12:40:01] === MONITOR LOCAL INICIO 2026-05-21 1240 ===
[2026-05-21 12:41:31] WATCHDOG: Sin datos en mercado
[2026-05-21 12:41:31] === MONITOR LOCAL FIN ===
[2026-05-21 12:45:01] === MONITOR LOCAL INICIO 2026-05-21 1245 ===
[2026-05-21 12:45:01] WATCHDOG: Sin datos en mercado
[2026-05-21 12:45:01] === MONITOR LOCAL FIN ===
[2026-05-21 12:50:01] === MONITOR LOCAL INICIO 2026-05-21 1250 ===
[2026-05-21 12:50:02] WATCHDOG: Sin datos en mercado
[2026-05-21 12:50:02] === MONITOR LOCAL FIN ===
[2026-05-21 12:55:01] === MONITOR LOCAL INICIO 2026-05-21 1255 ===
[2026-05-21 12:55:01] WATCHDOG: Sin datos en mercado
[2026-05-21 12:55:01] === MONITOR LOCAL FIN ===
[2026-05-21 13:00:01] === MONITOR LOCAL INICIO 2026-05-21 1300 ===
[2026-05-21 13:00:02] WATCHDOG: Sin datos en mercado
[2026-05-21 13:00:02] === MONITOR LOCAL FIN ===
[2026-05-21 13:05:01] === MONITOR LOCAL INICIO 2026-05-21 1305 ===
[2026-05-21 13:05:02] WATCHDOG: Sin datos en mercado
[2026-05-21 13:05:02] === MONITOR LOCAL FIN ===
[2026-05-21 13:10:01] === MONITOR LOCAL INICIO 2026-05-21 1310 ===
[2026-05-21 13:10:02] WATCHDOG: Sin datos en mercado
[2026-05-21 13:10:02] === MONITOR LOCAL FIN ===
[2026-05-21 13:15:01] === MONITOR LOCAL INICIO 2026-05-21 1315 ===
[2026-05-21 13:15:03] WATCHDOG: Sin datos en mercado
[2026-05-21 13:15:03] === MONITOR LOCAL FIN ===
[2026-05-21 13:20:01] === MONITOR LOCAL INICIO 2026-05-21 1320 ===
[2026-05-21 13:20:01] WATCHDOG: Sin datos en mercado
[2026-05-21 13:20:01] === MONITOR LOCAL FIN ===
[2026-05-21 13:25:01] === MONITOR LOCAL INICIO 2026-05-21 1325 ===
[2026-05-21 13:25:02] WATCHDOG: Sin datos en mercado
[2026-05-21 13:25:02] === MONITOR LOCAL FIN ===
[2026-05-21 13:30:01] === MONITOR LOCAL INICIO 2026-05-21 1330 ===
[2026-05-21 13:30:02] WATCHDOG: Sin datos en mercado
[2026-05-21 13:30:02] === MONITOR LOCAL FIN ===
[2026-05-21 13:35:01] === MONITOR LOCAL INICIO 2026-05-21 1335 ===
[2026-05-21 13:35:01] WATCHDOG: Sin datos en mercado
[2026-05-21 13:35:01] === MONITOR LOCAL FIN ===
[2026-05-21 13:40:01] === MONITOR LOCAL INICIO 2026-05-21 1340 ===
[2026-05-21 13:40:02] WATCHDOG: Sin datos en mercado
[2026-05-21 13:40:02] === MONITOR LOCAL FIN ===
[2026-05-21 13:45:01] === MONITOR LOCAL INICIO 2026-05-21 1345 ===
[2026-05-21 13:45:02] WATCHDOG: Sin datos en mercado
[2026-05-21 13:45:02] === MONITOR LOCAL FIN ===
[2026-05-21 13:50:01] === MONITOR LOCAL INICIO 2026-05-21 1350 ===
[2026-05-21 13:50:02] WATCHDOG: Sin datos en mercado
[2026-05-21 13:50:02] === MONITOR LOCAL FIN ===
[2026-05-21 13:55:01] === MONITOR LOCAL INICIO 2026-05-21 1355 ===
[2026-05-21 13:55:01] WATCHDOG: Sin datos en mercado
[2026-05-21 13:55:01] === MONITOR LOCAL FIN ===
[2026-05-21 14:00:01] === MONITOR LOCAL INICIO 2026-05-21 1400 ===
[2026-05-21 14:00:02] WATCHDOG: Sin datos en mercado
[2026-05-21 14:00:02] === MONITOR LOCAL FIN ===
[2026-05-21 14:05:01] === MONITOR LOCAL INICIO 2026-05-21 1405 ===
[2026-05-21 14:05:01] WATCHDOG: Sin datos en mercado
[2026-05-21 14:05:01] === MONITOR LOCAL FIN ===
[2026-05-21 14:10:01] === MONITOR LOCAL INICIO 2026-05-21 1410 ===
[2026-05-21 14:10:02] WATCHDOG: Sin datos en mercado
[2026-05-21 14:10:02] === MONITOR LOCAL FIN ===
[2026-05-21 14:15:01] === MONITOR LOCAL INICIO 2026-05-21 1415 ===
[2026-05-21 14:15:01] WATCHDOG: Sin datos en mercado
[2026-05-21 14:15:01] === MONITOR LOCAL FIN ===
[2026-05-21 14:20:01] === MONITOR LOCAL INICIO 2026-05-21 1420 ===
[2026-05-21 14:20:02] WATCHDOG: Sin datos en mercado
[2026-05-21 14:20:02] === MONITOR LOCAL FIN ===
[2026-05-21 14:25:01] === MONITOR LOCAL INICIO 2026-05-21 1425 ===
[2026-05-21 14:25:01] WATCHDOG: Sin datos en mercado
[2026-05-21 14:25:01] === MONITOR LOCAL FIN ===
[2026-05-21 14:30:01] === MONITOR LOCAL INICIO 2026-05-21 1430 ===
[2026-05-21 14:30:03] WATCHDOG: Sin datos en mercado
[2026-05-21 14:30:03] === MONITOR LOCAL FIN ===
[2026-05-21 14:35:01] === MONITOR LOCAL INICIO 2026-05-21 1435 ===
[2026-05-21 14:35:01] WATCHDOG: Sin datos en mercado
[2026-05-21 14:35:01] === MONITOR LOCAL FIN ===
[2026-05-21 14:40:01] === MONITOR LOCAL INICIO 2026-05-21 1440 ===
[2026-05-21 14:40:02] WATCHDOG: Sin datos en mercado
[2026-05-21 14:40:02] === MONITOR LOCAL FIN ===
[2026-05-21 14:45:01] === MONITOR LOCAL INICIO 2026-05-21 1445 ===
[2026-05-21 14:45:01] WATCHDOG: Sin datos en mercado
[2026-05-21 14:45:01] === MONITOR LOCAL FIN ===
[2026-05-21 14:50:01] === MONITOR LOCAL INICIO 2026-05-21 1450 ===
[2026-05-21 14:50:02] WATCHDOG: Sin datos en mercado
[2026-05-21 14:50:02] === MONITOR LOCAL FIN ===
[2026-05-21 14:55:01] === MONITOR LOCAL INICIO 2026-05-21 1455 ===
[2026-05-21 14:55:02] WATCHDOG: Sin datos en mercado
[2026-05-21 14:55:02] === MONITOR LOCAL FIN ===
[2026-05-21 15:00:01] === MONITOR LOCAL INICIO 2026-05-21 1500 ===
[2026-05-21 15:00:02] WATCHDOG: Sin datos en mercado
[2026-05-21 15:00:02] === MONITOR LOCAL FIN ===
[2026-05-21 15:05:01] === MONITOR LOCAL INICIO 2026-05-21 1505 ===
[2026-05-21 15:05:02] WATCHDOG: Sin datos en mercado
[2026-05-21 15:05:02] === MONITOR LOCAL FIN ===
[2026-05-21 15:10:01] === MONITOR LOCAL INICIO 2026-05-21 1510 ===
[2026-05-21 15:10:02] WATCHDOG: Sin datos en mercado
[2026-05-21 15:10:02] === MONITOR LOCAL FIN ===
[2026-05-21 15:15:01] === MONITOR LOCAL INICIO 2026-05-21 1515 ===
[2026-05-21 15:15:01] WATCHDOG: Sin datos en mercado
[2026-05-21 15:15:01] === MONITOR LOCAL FIN ===
[2026-05-21 15:20:01] === MONITOR LOCAL INICIO 2026-05-21 1520 ===
[2026-05-21 15:20:01] WATCHDOG: Sin datos en mercado
[2026-05-21 15:20:01] === MONITOR LOCAL FIN ===
[2026-05-21 15:25:01] === MONITOR LOCAL INICIO 2026-05-21 1525 ===
[2026-05-21 15:25:02] WATCHDOG: Sin datos en mercado
[2026-05-21 15:25:02] === MONITOR LOCAL FIN ===
[2026-05-21 15:30:01] === MONITOR LOCAL INICIO 2026-05-21 1530 ===
[2026-05-21 15:30:01] WATCHDOG: Sin datos en mercado
[2026-05-21 15:30:01] === MONITOR LOCAL FIN ===
[2026-05-21 15:35:01] === MONITOR LOCAL INICIO 2026-05-21 1535 ===
[2026-05-21 15:35:02] WATCHDOG: Sin datos en mercado
[2026-05-21 15:35:02] === MONITOR LOCAL FIN ===
[2026-05-21 15:40:01] === MONITOR LOCAL INICIO 2026-05-21 1540 ===
[2026-05-21 15:40:04] WATCHDOG: Sin datos en mercado
[2026-05-21 15:40:04] === MONITOR LOCAL FIN ===
[2026-05-21 15:45:01] === MONITOR LOCAL INICIO 2026-05-21 1545 ===
[2026-05-21 15:45:01] WATCHDOG: Sin datos en mercado
[2026-05-21 15:45:01] === MONITOR LOCAL FIN ===
[2026-05-21 15:50:01] === MONITOR LOCAL INICIO 2026-05-21 1550 ===
[2026-05-21 15:50:02] WATCHDOG: Sin datos en mercado
[2026-05-21 15:50:02] === MONITOR LOCAL FIN ===
[2026-05-21 15:55:01] === MONITOR LOCAL INICIO 2026-05-21 1555 ===
[2026-05-21 15:55:01] WATCHDOG: Sin datos en mercado
[2026-05-21 15:55:01] === MONITOR LOCAL FIN ===
[2026-05-21 16:00:01] === MONITOR LOCAL INICIO 2026-05-21 1600 ===
[2026-05-21 16:00:02] WATCHDOG: Sin datos en mercado
[2026-05-21 16:00:02] === MONITOR LOCAL FIN ===
[2026-05-21 16:05:01] === MONITOR LOCAL INICIO 2026-05-21 1605 ===
[2026-05-21 16:05:02] WATCHDOG: Sin datos en mercado
[2026-05-21 16:05:02] === MONITOR LOCAL FIN ===
[2026-05-21 16:10:01] === MONITOR LOCAL INICIO 2026-05-21 1610 ===
[2026-05-21 16:10:01] WATCHDOG: Sin datos en mercado
[2026-05-21 16:10:01] === MONITOR LOCAL FIN ===
[2026-05-21 16:15:01] === MONITOR LOCAL INICIO 2026-05-21 1615 ===
[2026-05-21 16:15:01] WATCHDOG: Sin datos en mercado
[2026-05-21 16:15:01] === MONITOR LOCAL FIN ===
[2026-05-21 16:20:01] === MONITOR LOCAL INICIO 2026-05-21 1620 ===
[2026-05-21 16:20:02] WATCHDOG: Sin datos en mercado
[2026-05-21 16:20:02] === MONITOR LOCAL FIN ===
[2026-05-21 16:25:01] === MONITOR LOCAL INICIO 2026-05-21 1625 ===
[2026-05-21 16:25:01] WATCHDOG: Sin datos en mercado
[2026-05-21 16:25:01] === MONITOR LOCAL FIN ===
[2026-05-21 16:30:01] === MONITOR LOCAL INICIO 2026-05-21 1630 ===
[2026-05-21 16:30:02] WATCHDOG: Sin datos en mercado
[2026-05-21 16:30:02] === MONITOR LOCAL FIN ===
[2026-05-21 16:35:01] === MONITOR LOCAL INICIO 2026-05-21 1635 ===
[2026-05-21 16:35:01] WATCHDOG: Sin datos en mercado
[2026-05-21 16:35:01] === MONITOR LOCAL FIN ===
[2026-05-21 16:40:01] === MONITOR LOCAL INICIO 2026-05-21 1640 ===
[2026-05-21 16:40:02] WATCHDOG: Sin datos en mercado
[2026-05-21 16:40:02] === MONITOR LOCAL FIN ===
[2026-05-21 16:45:01] === MONITOR LOCAL INICIO 2026-05-21 1645 ===
[2026-05-21 16:45:02] WATCHDOG: Sin datos en mercado
[2026-05-21 16:45:02] === MONITOR LOCAL FIN ===
[2026-05-21 16:50:01] === MONITOR LOCAL INICIO 2026-05-21 1650 ===
[2026-05-21 16:50:01] WATCHDOG: Sin datos en mercado
[2026-05-21 16:50:01] === MONITOR LOCAL FIN ===
[2026-05-21 16:55:01] === MONITOR LOCAL INICIO 2026-05-21 1655 ===
[2026-05-21 16:55:02] WATCHDOG: Sin datos en mercado
[2026-05-21 16:55:02] === MONITOR LOCAL FIN ===
[2026-05-21 17:00:01] === MONITOR LOCAL INICIO 2026-05-21 1700 ===
[2026-05-21 17:00:02] WATCHDOG: Sin datos en mercado
[2026-05-21 17:00:02] === MONITOR LOCAL FIN ===
[2026-05-21 17:15:01] === MONITOR LOCAL INICIO 2026-05-21 1715 ===
[2026-05-21 17:15:02] WATCHDOG: Sin datos en mercado
[2026-05-21 17:15:04] DOLAR: dolarapi MEP=1428.5
[2026-05-21 17:15:05] DOLAR: dolarapi CCL=1478.3
[2026-05-21 17:15:05] DOLAR: dolarapi Oficial=1410
[2026-05-21 17:15:06] DOLAR: dolarapi Blue=1425
{"code":"23514","details":"Failing row contains (1093, 2026-05-21, blue, 1425.00, dolarapi, 2026-05-21 20:15:06.303789+00).","hint":null,"message":"new row for relation \"dolar_historico\" violates check constraint \"dolar_historico_tipo_check\""}[2026-05-21 17:15:06] DOLAR: dolarapi Mayorista=1389.5
{"code":"23514","details":"Failing row contains (1094, 2026-05-21, mayorista, 1389.50, dolarapi, 2026-05-21 20:15:06.60325+00).","hint":null,"message":"new row for relation \"dolar_historico\" violates check constraint \"dolar_historico_tipo_check\""}/mnt/c/dashboard/Github/scripts/monitor_local.sh: line 383: local: can only be used in a function
[2026-05-21 17:20:01] === MONITOR LOCAL INICIO 2026-05-21 1720 ===
[2026-05-21 17:20:02] WATCHDOG: Sin datos en mercado
[2026-05-21 17:20:04] DOLAR: dolarapi MEP=1428.5
{"code":"23505","details":"Key (fecha, tipo)=(2026-05-21, mep) already exists.","hint":null,"message":"duplicate key value violates unique constraint \"dolar_historico_fecha_tipo_key\""}[2026-05-21 17:20:04] DOLAR: dolarapi CCL=1478.3
{"code":"23505","details":"Key (fecha, tipo)=(2026-05-21, ccl) already exists.","hint":null,"message":"duplicate key value violates unique constraint \"dolar_historico_fecha_tipo_key\""}[2026-05-21 17:20:05] DOLAR: dolarapi Oficial=1410
{"code":"23505","details":"Key (fecha, tipo)=(2026-05-21, oficial) already exists.","hint":null,"message":"duplicate key value violates unique constraint \"dolar_historico_fecha_tipo_key\""}[2026-05-21 17:20:05] DOLAR: dolarapi Blue=1425
{"code":"23514","details":"Failing row contains (1098, 2026-05-21, blue, 1425.00, dolarapi, 2026-05-21 20:20:05.679453+00).","hint":null,"message":"new row for relation \"dolar_historico\" violates check constraint \"dolar_historico_tipo_check\""}[2026-05-21 17:20:05] DOLAR: dolarapi Mayorista=1389.5
{"code":"23514","details":"Failing row contains (1099, 2026-05-21, mayorista, 1389.50, dolarapi, 2026-05-21 20:20:05.981489+00).","hint":null,"message":"new row for relation \"dolar_historico\" violates check constraint \"dolar_historico_tipo_check\""}/mnt/c/dashboard/Github/scripts/monitor_local.sh: line 383: local: can only be used in a function
[2026-05-21 17:25:01] === MONITOR LOCAL INICIO 2026-05-21 1725 ===
[2026-05-21 17:25:01] WATCHDOG: Sin datos en mercado
[2026-05-21 17:25:04] DOLAR: dolarapi MEP=1428.5
{"code":"23505","details":"Key (fecha, tipo)=(2026-05-21, mep) already exists.","hint":null,"message":"duplicate key value violates unique constraint \"dolar_historico_fecha_tipo_key\""}[2026-05-21 17:25:05] DOLAR: dolarapi CCL=1478.3
{"code":"23505","details":"Key (fecha, tipo)=(2026-05-21, ccl) already exists.","hint":null,"message":"duplicate key value violates unique constraint \"dolar_historico_fecha_tipo_key\""}[2026-05-21 17:25:06] DOLAR: dolarapi Oficial=1410
{"code":"23505","details":"Key (fecha, tipo)=(2026-05-21, oficial) already exists.","hint":null,"message":"duplicate key value violates unique constraint \"dolar_historico_fecha_tipo_key\""}[2026-05-21 17:25:06] DOLAR: dolarapi Blue=1425
{"code":"23514","details":"Failing row contains (1103, 2026-05-21, blue, 1425.00, dolarapi, 2026-05-21 20:25:06.767941+00).","hint":null,"message":"new row for relation \"dolar_historico\" violates check constraint \"dolar_historico_tipo_check\""}[2026-05-21 17:25:06] DOLAR: dolarapi Mayorista=1389.5
{"code":"23514","details":"Failing row contains (1104, 2026-05-21, mayorista, 1389.50, dolarapi, 2026-05-21 20:25:07.201876+00).","hint":null,"message":"new row for relation \"dolar_historico\" violates check constraint \"dolar_historico_tipo_check\""}/mnt/c/dashboard/Github/scripts/monitor_local.sh: line 383: local: can only be used in a function
[2026-05-21 17:30:01] === MONITOR LOCAL INICIO 2026-05-21 1730 ===
[2026-05-21 17:30:01] WATCHDOG: Sin datos en mercado
[2026-05-21 17:30:04] DOLAR: dolarapi MEP=1428.5
{"code":"23505","details":"Key (fecha, tipo)=(2026-05-21, mep) already exists.","hint":null,"message":"duplicate key value violates unique constraint \"dolar_historico_fecha_tipo_key\""}[2026-05-21 17:30:04] DOLAR: dolarapi CCL=1478.3
{"code":"23505","details":"Key (fecha, tipo)=(2026-05-21, ccl) already exists.","hint":null,"message":"duplicate key value violates unique constraint \"dolar_historico_fecha_tipo_key\""}[2026-05-21 17:30:05] DOLAR: dolarapi Oficial=1410
{"code":"23505","details":"Key (fecha, tipo)=(2026-05-21, oficial) already exists.","hint":null,"message":"duplicate key value violates unique constraint \"dolar_historico_fecha_tipo_key\""}[2026-05-21 17:30:05] DOLAR: dolarapi Blue=1425
{"code":"23514","details":"Failing row contains (1108, 2026-05-21, blue, 1425.00, dolarapi, 2026-05-21 20:30:05.6007+00).","hint":null,"message":"new row for relation \"dolar_historico\" violates check constraint \"dolar_historico_tipo_check\""}[2026-05-21 17:30:05] DOLAR: dolarapi Mayorista=1389.5
{"code":"23514","details":"Failing row contains (1109, 2026-05-21, mayorista, 1389.50, dolarapi, 2026-05-21 20:30:05.911348+00).","hint":null,"message":"new row for relation \"dolar_historico\" violates check constraint \"dolar_historico_tipo_check\""}/mnt/c/dashboard/Github/scripts/monitor_local.sh: line 383: local: can only be used in a function
[2026-05-21 17:35:02] === MONITOR LOCAL INICIO 2026-05-21 1735 ===
[2026-05-21 17:35:02] WATCHDOG: Sin datos en mercado
[2026-05-21 17:35:03] DOLAR: MEP=1426.10 (91000/63.81)
{"code":"23505","details":"Key (fecha, tipo)=(2026-05-21, mep) already exists.","hint":null,"message":"duplicate key value violates unique constraint \"dolar_historico_fecha_tipo_key\""}[2026-05-21 17:35:04] DOLAR: CCL=1477.75 (91000/61.58)
{"code":"23505","details":"Key (fecha, tipo)=(2026-05-21, ccl) already exists.","hint":null,"message":"duplicate key value violates unique constraint \"dolar_historico_fecha_tipo_key\""}[2026-05-21 17:35:06] DOLAR: dolarapi MEP=1428.5
{"code":"23505","details":"Key (fecha, tipo)=(2026-05-21, mep) already exists.","hint":null,"message":"duplicate key value violates unique constraint \"dolar_historico_fecha_tipo_key\""}[2026-05-21 17:35:06] DOLAR: dolarapi CCL=1478.3
{"code":"23505","details":"Key (fecha, tipo)=(2026-05-21, ccl) already exists.","hint":null,"message":"duplicate key value violates unique constraint \"dolar_historico_fecha_tipo_key\""}[2026-05-21 17:35:06] DOLAR: dolarapi Oficial=1410
{"code":"23505","details":"Key (fecha, tipo)=(2026-05-21, oficial) already exists.","hint":null,"message":"duplicate key value violates unique constraint \"dolar_historico_fecha_tipo_key\""}[2026-05-21 17:35:07] DOLAR: dolarapi Blue=1425
{"code":"23514","details":"Failing row contains (1115, 2026-05-21, blue, 1425.00, dolarapi, 2026-05-21 20:35:07.642324+00).","hint":null,"message":"new row for relation \"dolar_historico\" violates check constraint \"dolar_historico_tipo_check\""}[2026-05-21 17:35:07] DOLAR: dolarapi Mayorista=1389.5
{"code":"23514","details":"Failing row contains (1116, 2026-05-21, mayorista, 1389.50, dolarapi, 2026-05-21 20:35:07.998165+00).","hint":null,"message":"new row for relation \"dolar_historico\" violates check constraint \"dolar_historico_tipo_check\""}/mnt/c/dashboard/Github/scripts/monitor_local.sh: line 383: local: can only be used in a function
[2026-05-21 17:40:01] === MONITOR LOCAL INICIO 2026-05-21 1740 ===
[2026-05-21 17:40:02] WATCHDOG: Sin datos en mercado
[2026-05-21 17:40:03] DOLAR: MEP=1426.10 (91000/63.81)
{"code":"23505","details":"Key (fecha, tipo)=(2026-05-21, mep) already exists.","hint":null,"message":"duplicate key value violates unique constraint \"dolar_historico_fecha_tipo_key\""}[2026-05-21 17:40:04] DOLAR: CCL=1477.75 (91000/61.58)
{"code":"23505","details":"Key (fecha, tipo)=(2026-05-21, ccl) already exists.","hint":null,"message":"duplicate key value violates unique constraint \"dolar_historico_fecha_tipo_key\""}[2026-05-21 17:40:05] DOLAR: dolarapi MEP=1428.5
{"code":"23505","details":"Key (fecha, tipo)=(2026-05-21, mep) already exists.","hint":null,"message":"duplicate key value violates unique constraint \"dolar_historico_fecha_tipo_key\""}[2026-05-21 17:40:05] DOLAR: dolarapi CCL=1478.3
{"code":"23505","details":"Key (fecha, tipo)=(2026-05-21, ccl) already exists.","hint":null,"message":"duplicate key value violates unique constraint \"dolar_historico_fecha_tipo_key\""}[2026-05-21 17:40:06] DOLAR: dolarapi Oficial=1410
{"code":"23505","details":"Key (fecha, tipo)=(2026-05-21, oficial) already exists.","hint":null,"message":"duplicate key value violates unique constraint \"dolar_historico_fecha_tipo_key\""}[2026-05-21 17:40:06] DOLAR: dolarapi Blue=1425
{"code":"23514","details":"Failing row contains (1122, 2026-05-21, blue, 1425.00, dolarapi, 2026-05-21 20:40:06.503025+00).","hint":null,"message":"new row for relation \"dolar_historico\" violates check constraint \"dolar_historico_tipo_check\""}[2026-05-21 17:40:06] DOLAR: dolarapi Mayorista=1389.5
{"code":"23514","details":"Failing row contains (1123, 2026-05-21, mayorista, 1389.50, dolarapi, 2026-05-21 20:40:06.806964+00).","hint":null,"message":"new row for relation \"dolar_historico\" violates check constraint \"dolar_historico_tipo_check\""}/mnt/c/dashboard/Github/scripts/monitor_local.sh: line 383: local: can only be used in a function
[2026-05-21 17:45:01] === MONITOR LOCAL INICIO 2026-05-21 1745 ===
[2026-05-21 17:45:02] WATCHDOG: Sin datos en mercado
[2026-05-21 17:45:03] DOLAR: MEP=1426.10 (91000/63.81)
{"code":"23505","details":"Key (fecha, tipo)=(2026-05-21, mep) already exists.","hint":null,"message":"duplicate key value violates unique constraint \"dolar_historico_fecha_tipo_key\""}[2026-05-21 17:45:04] DOLAR: CCL=1477.75 (91000/61.58)
{"code":"23505","details":"Key (fecha, tipo)=(2026-05-21, ccl) already exists.","hint":null,"message":"duplicate key value violates unique constraint \"dolar_historico_fecha_tipo_key\""}[2026-05-21 17:45:05] DOLAR: dolarapi MEP=1428.5
{"code":"23505","details":"Key (fecha, tipo)=(2026-05-21, mep) already exists.","hint":null,"message":"duplicate key value violates unique constraint \"dolar_historico_fecha_tipo_key\""}[2026-05-21 17:45:06] DOLAR: dolarapi CCL=1478.3
{"code":"23505","details":"Key (fecha, tipo)=(2026-05-21, ccl) already exists.","hint":null,"message":"duplicate key value violates unique constraint \"dolar_historico_fecha_tipo_key\""}[2026-05-21 17:45:06] DOLAR: dolarapi Oficial=1410
{"code":"23505","details":"Key (fecha, tipo)=(2026-05-21, oficial) already exists.","hint":null,"message":"duplicate key value violates unique constraint \"dolar_historico_fecha_tipo_key\""}[2026-05-21 17:45:06] DOLAR: dolarapi Blue=1425
{"code":"23514","details":"Failing row contains (1129, 2026-05-21, blue, 1425.00, dolarapi, 2026-05-21 20:45:06.883551+00).","hint":null,"message":"new row for relation \"dolar_historico\" violates check constraint \"dolar_historico_tipo_check\""}[2026-05-21 17:45:06] DOLAR: dolarapi Mayorista=1389.5
{"code":"23514","details":"Failing row contains (1130, 2026-05-21, mayorista, 1389.50, dolarapi, 2026-05-21 20:45:07.166585+00).","hint":null,"message":"new row for relation \"dolar_historico\" violates check constraint \"dolar_historico_tipo_check\""}/mnt/c/dashboard/Github/scripts/monitor_local.sh: line 383: local: can only be used in a function
[2026-05-21 17:50:01] === MONITOR LOCAL INICIO 2026-05-21 1750 ===
[2026-05-21 17:50:01] WATCHDOG: Sin datos en mercado
[2026-05-21 17:50:03] DOLAR: MEP=1426.10 (91000/63.81)
{"code":"23505","details":"Key (fecha, tipo)=(2026-05-21, mep) already exists.","hint":null,"message":"duplicate key value violates unique constraint \"dolar_historico_fecha_tipo_key\""}[2026-05-21 17:50:04] DOLAR: CCL=1477.75 (91000/61.58)
{"code":"23505","details":"Key (fecha, tipo)=(2026-05-21, ccl) already exists.","hint":null,"message":"duplicate key value violates unique constraint \"dolar_historico_fecha_tipo_key\""}[2026-05-21 17:50:06] DOLAR: dolarapi MEP=1428.5
{"code":"23505","details":"Key (fecha, tipo)=(2026-05-21, mep) already exists.","hint":null,"message":"duplicate key value violates unique constraint \"dolar_historico_fecha_tipo_key\""}[2026-05-21 17:50:06] DOLAR: dolarapi CCL=1478.3
{"code":"23505","details":"Key (fecha, tipo)=(2026-05-21, ccl) already exists.","hint":null,"message":"duplicate key value violates unique constraint \"dolar_historico_fecha_tipo_key\""}[2026-05-21 17:50:07] DOLAR: dolarapi Oficial=1410
{"code":"23505","details":"Key (fecha, tipo)=(2026-05-21, oficial) already exists.","hint":null,"message":"duplicate key value violates unique constraint \"dolar_historico_fecha_tipo_key\""}[2026-05-21 17:50:07] DOLAR: dolarapi Blue=1425
{"code":"23514","details":"Failing row contains (1136, 2026-05-21, blue, 1425.00, dolarapi, 2026-05-21 20:50:07.531683+00).","hint":null,"message":"new row for relation \"dolar_historico\" violates check constraint \"dolar_historico_tipo_check\""}[2026-05-21 17:50:07] DOLAR: dolarapi Mayorista=1389.5
{"code":"23514","details":"Failing row contains (1137, 2026-05-21, mayorista, 1389.50, dolarapi, 2026-05-21 20:50:07.845475+00).","hint":null,"message":"new row for relation \"dolar_historico\" violates check constraint \"dolar_historico_tipo_check\""}/mnt/c/dashboard/Github/scripts/monitor_local.sh: line 383: local: can only be used in a function
[2026-05-21 17:55:01] === MONITOR LOCAL INICIO 2026-05-21 1755 ===
[2026-05-21 17:55:02] WATCHDOG: Sin datos en mercado
[2026-05-21 17:55:03] DOLAR: MEP=1426.10 (91000/63.81)
{"code":"23505","details":"Key (fecha, tipo)=(2026-05-21, mep) already exists.","hint":null,"message":"duplicate key value violates unique constraint \"dolar_historico_fecha_tipo_key\""}[2026-05-21 17:55:04] DOLAR: CCL=1477.75 (91000/61.58)
{"code":"23505","details":"Key (fecha, tipo)=(2026-05-21, ccl) already exists.","hint":null,"message":"duplicate key value violates unique constraint \"dolar_historico_fecha_tipo_key\""}[2026-05-21 17:55:06] DOLAR: dolarapi MEP=1428.5
{"code":"23505","details":"Key (fecha, tipo)=(2026-05-21, mep) already exists.","hint":null,"message":"duplicate key value violates unique constraint \"dolar_historico_fecha_tipo_key\""}[2026-05-21 17:55:06] DOLAR: dolarapi CCL=1478.3
{"code":"23505","details":"Key (fecha, tipo)=(2026-05-21, ccl) already exists.","hint":null,"message":"duplicate key value violates unique constraint \"dolar_historico_fecha_tipo_key\""}[2026-05-21 17:55:06] DOLAR: dolarapi Oficial=1410
{"code":"23505","details":"Key (fecha, tipo)=(2026-05-21, oficial) already exists.","hint":null,"message":"duplicate key value violates unique constraint \"dolar_historico_fecha_tipo_key\""}[2026-05-21 17:55:06] DOLAR: dolarapi Blue=1425
{"code":"23514","details":"Failing row contains (1143, 2026-05-21, blue, 1425.00, dolarapi, 2026-05-21 20:55:07.165901+00).","hint":null,"message":"new row for relation \"dolar_historico\" violates check constraint \"dolar_historico_tipo_check\""}[2026-05-21 17:55:07] DOLAR: dolarapi Mayorista=1389.5
{"code":"23514","details":"Failing row contains (1144, 2026-05-21, mayorista, 1389.50, dolarapi, 2026-05-21 20:55:07.469981+00).","hint":null,"message":"new row for relation \"dolar_historico\" violates check constraint \"dolar_historico_tipo_check\""}/mnt/c/dashboard/Github/scripts/monitor_local.sh: line 383: local: can only be used in a function
[2026-05-21 18:00:01] === MONITOR LOCAL INICIO 2026-05-21 1800 ===
[2026-05-21 18:00:01] WATCHDOG: Sin datos en mercado
[2026-05-21 18:00:01] === MONITOR LOCAL FIN ===
[2026-05-21 18:05:02] === MONITOR LOCAL INICIO 2026-05-21 1805 ===
[2026-05-21 18:05:02] SKIP: fuera de horario (1805)
[2026-05-21 18:10:01] === MONITOR LOCAL INICIO 2026-05-21 1810 ===
[2026-05-21 18:10:01] SKIP: fuera de horario (1810)
[2026-05-21 18:15:01] === MONITOR LOCAL INICIO 2026-05-21 1815 ===
[2026-05-21 18:15:01] SKIP: fuera de horario (1815)
[2026-05-21 18:20:01] === MONITOR LOCAL INICIO 2026-05-21 1820 ===
[2026-05-21 18:20:01] SKIP: fuera de horario (1820)
[2026-05-21 18:25:01] === MONITOR LOCAL INICIO 2026-05-21 1825 ===
[2026-05-21 18:25:02] SKIP: fuera de horario (1825)
[2026-05-21 18:30:01] === MONITOR LOCAL INICIO 2026-05-21 1830 ===
[2026-05-21 18:30:01] SKIP: fuera de horario (1830)
[2026-05-21 18:35:01] === MONITOR LOCAL INICIO 2026-05-21 1835 ===
[2026-05-21 18:35:01] SKIP: fuera de horario (1835)
[2026-05-21 18:40:01] === MONITOR LOCAL INICIO 2026-05-21 1840 ===
[2026-05-21 18:40:01] SKIP: fuera de horario (1840)
[2026-05-21 18:50:01] === MONITOR LOCAL INICIO 2026-05-21 1850 ===
[2026-05-21 18:50:01] SKIP: fuera de horario (1850)
[2026-05-21 18:55:01] === MONITOR LOCAL INICIO 2026-05-21 1855 ===
[2026-05-21 18:55:01] SKIP: fuera de horario (1855)
[2026-05-21 19:00:01] === MONITOR LOCAL INICIO 2026-05-21 1900 ===
[2026-05-21 19:00:01] SKIP: fuera de horario (1900)
[2026-05-21 19:05:01] === MONITOR LOCAL INICIO 2026-05-21 1905 ===
[2026-05-21 19:05:01] SKIP: fuera de horario (1905)
[2026-05-21 19:10:01] === MONITOR LOCAL INICIO 2026-05-21 1910 ===
[2026-05-21 19:10:01] SKIP: fuera de horario (1910)
[2026-05-21 19:15:01] === MONITOR LOCAL INICIO 2026-05-21 1915 ===
[2026-05-21 19:15:01] SKIP: fuera de horario (1915)
[2026-05-21 19:20:01] === MONITOR LOCAL INICIO 2026-05-21 1920 ===
[2026-05-21 19:20:01] SKIP: fuera de horario (1920)
[2026-05-21 19:25:01] === MONITOR LOCAL INICIO 2026-05-21 1925 ===
[2026-05-21 19:25:01] SKIP: fuera de horario (1925)
[2026-05-21 19:30:01] === MONITOR LOCAL INICIO 2026-05-21 1930 ===
[2026-05-21 19:30:01] SKIP: fuera de horario (1930)
[2026-05-21 19:35:01] === MONITOR LOCAL INICIO 2026-05-21 1935 ===
[2026-05-21 19:35:01] SKIP: fuera de horario (1935)
[2026-05-21 19:40:01] === MONITOR LOCAL INICIO 2026-05-21 1940 ===
[2026-05-21 19:40:01] SKIP: fuera de horario (1940)
[2026-05-21 19:45:01] === MONITOR LOCAL INICIO 2026-05-21 1945 ===
[2026-05-21 19:45:01] SKIP: fuera de horario (1945)
[2026-05-21 19:50:01] === MONITOR LOCAL INICIO 2026-05-21 1950 ===
[2026-05-21 19:50:01] SKIP: fuera de horario (1950)
[2026-05-21 19:55:01] === MONITOR LOCAL INICIO 2026-05-21 1955 ===
[2026-05-21 19:55:01] SKIP: fuera de horario (1955)
[2026-05-21 20:00:01] === MONITOR LOCAL INICIO 2026-05-21 2000 ===
[2026-05-21 20:00:01] SKIP: fuera de horario (2000)
[2026-05-21 20:05:01] === MONITOR LOCAL INICIO 2026-05-21 2005 ===
[2026-05-21 20:05:01] SKIP: fuera de horario (2005)
[2026-05-21 20:10:01] === MONITOR LOCAL INICIO 2026-05-21 2010 ===
[2026-05-21 20:10:01] SKIP: fuera de horario (2010)
[2026-05-21 20:15:01] === MONITOR LOCAL INICIO 2026-05-21 2015 ===
[2026-05-21 20:15:01] SKIP: fuera de horario (2015)
[2026-05-21 20:20:01] === MONITOR LOCAL INICIO 2026-05-21 2020 ===
[2026-05-21 20:20:01] SKIP: fuera de horario (2020)
[2026-05-21 20:25:01] === MONITOR LOCAL INICIO 2026-05-21 2025 ===
[2026-05-21 20:25:01] SKIP: fuera de horario (2025)
[2026-05-21 20:30:01] === MONITOR LOCAL INICIO 2026-05-21 2030 ===
[2026-05-21 20:30:01] SKIP: fuera de horario (2030)
[2026-05-21 20:35:01] === MONITOR LOCAL INICIO 2026-05-21 2035 ===
[2026-05-21 20:35:01] SKIP: fuera de horario (2035)
[2026-05-21 20:40:01] === MONITOR LOCAL INICIO 2026-05-21 2040 ===
[2026-05-21 20:40:01] SKIP: fuera de horario (2040)
[2026-05-21 20:45:02] === MONITOR LOCAL INICIO 2026-05-21 2045 ===
[2026-05-21 20:45:02] SKIP: fuera de horario (2045)
[2026-05-21 20:50:01] === MONITOR LOCAL INICIO 2026-05-21 2050 ===
[2026-05-21 20:50:01] SKIP: fuera de horario (2050)
[2026-05-21 20:55:01] === MONITOR LOCAL INICIO 2026-05-21 2055 ===
[2026-05-21 20:55:01] SKIP: fuera de horario (2055)
[2026-05-21 21:00:01] === MONITOR LOCAL INICIO 2026-05-21 2100 ===
[2026-05-21 21:00:01] SKIP: fuera de horario (2100)
[2026-05-21 21:05:01] === MONITOR LOCAL INICIO 2026-05-21 2105 ===
[2026-05-21 21:05:01] SKIP: fuera de horario (2105)
[2026-05-21 21:10:01] === MONITOR LOCAL INICIO 2026-05-21 2110 ===
[2026-05-21 21:10:01] SKIP: fuera de horario (2110)
[2026-05-21 21:15:01] === MONITOR LOCAL INICIO 2026-05-21 2115 ===
[2026-05-21 21:15:01] SKIP: fuera de horario (2115)
[2026-05-21 21:20:01] === MONITOR LOCAL INICIO 2026-05-21 2120 ===
[2026-05-21 21:20:01] SKIP: fuera de horario (2120)
[2026-05-21 21:25:01] === MONITOR LOCAL INICIO 2026-05-21 2125 ===
[2026-05-21 21:25:01] SKIP: fuera de horario (2125)
[2026-05-21 21:30:01] === MONITOR LOCAL INICIO 2026-05-21 2130 ===
[2026-05-21 21:30:01] SKIP: fuera de horario (2130)
[2026-05-21 21:35:01] === MONITOR LOCAL INICIO 2026-05-21 2135 ===
[2026-05-21 21:35:01] SKIP: fuera de horario (2135)
[2026-05-21 21:40:01] === MONITOR LOCAL INICIO 2026-05-21 2140 ===
[2026-05-21 21:40:01] SKIP: fuera de horario (2140)
[2026-05-21 21:45:01] === MONITOR LOCAL INICIO 2026-05-21 2145 ===
[2026-05-21 21:45:01] SKIP: fuera de horario (2145)
[2026-05-21 21:50:01] === MONITOR LOCAL INICIO 2026-05-21 2150 ===
[2026-05-21 21:50:01] SKIP: fuera de horario (2150)
[2026-05-21 21:55:01] === MONITOR LOCAL INICIO 2026-05-21 2155 ===
[2026-05-21 21:55:01] SKIP: fuera de horario (2155)
[2026-05-21 22:00:01] === MONITOR LOCAL INICIO 2026-05-21 2200 ===
[2026-05-21 22:00:01] SKIP: fuera de horario (2200)
[2026-05-21 22:05:01] === MONITOR LOCAL INICIO 2026-05-21 2205 ===
[2026-05-21 22:05:01] SKIP: fuera de horario (2205)
[2026-05-21 22:10:01] === MONITOR LOCAL INICIO 2026-05-21 2210 ===
[2026-05-21 22:10:01] SKIP: fuera de horario (2210)
[2026-05-21 22:15:01] === MONITOR LOCAL INICIO 2026-05-21 2215 ===
[2026-05-21 22:15:01] SKIP: fuera de horario (2215)
[2026-05-21 22:20:01] === MONITOR LOCAL INICIO 2026-05-21 2220 ===
[2026-05-21 22:20:01] SKIP: fuera de horario (2220)
[2026-05-21 22:25:01] === MONITOR LOCAL INICIO 2026-05-21 2225 ===
[2026-05-21 22:25:01] SKIP: fuera de horario (2225)
[2026-05-21 22:30:01] === MONITOR LOCAL INICIO 2026-05-21 2230 ===
[2026-05-21 22:30:01] SKIP: fuera de horario (2230)
[2026-05-21 22:35:01] === MONITOR LOCAL INICIO 2026-05-21 2235 ===
[2026-05-21 22:35:01] SKIP: fuera de horario (2235)
[2026-05-21 22:40:01] === MONITOR LOCAL INICIO 2026-05-21 2240 ===
[2026-05-21 22:40:01] SKIP: fuera de horario (2240)
[2026-05-21 22:45:01] === MONITOR LOCAL INICIO 2026-05-21 2245 ===
[2026-05-21 22:45:01] SKIP: fuera de horario (2245)
[2026-05-21 22:50:01] === MONITOR LOCAL INICIO 2026-05-21 2250 ===
[2026-05-21 22:50:01] SKIP: fuera de horario (2250)
[2026-05-21 22:55:01] === MONITOR LOCAL INICIO 2026-05-21 2255 ===
[2026-05-21 22:55:01] SKIP: fuera de horario (2255)
[2026-05-21 23:00:01] === MONITOR LOCAL INICIO 2026-05-21 2300 ===
[2026-05-21 23:00:01] SKIP: fuera de horario (2300)
[2026-05-21 23:05:01] === MONITOR LOCAL INICIO 2026-05-21 2305 ===
[2026-05-21 23:05:01] SKIP: fuera de horario (2305)
[2026-05-21 23:10:01] === MONITOR LOCAL INICIO 2026-05-21 2310 ===
[2026-05-21 23:10:01] SKIP: fuera de horario (2310)
[2026-05-21 23:15:01] === MONITOR LOCAL INICIO 2026-05-21 2315 ===
[2026-05-21 23:15:01] SKIP: fuera de horario (2315)
[2026-05-21 23:20:01] === MONITOR LOCAL INICIO 2026-05-21 2320 ===
[2026-05-21 23:20:01] SKIP: fuera de horario (2320)
[2026-05-21 23:25:01] === MONITOR LOCAL INICIO 2026-05-21 2325 ===
[2026-05-21 23:25:01] SKIP: fuera de horario (2325)
[2026-05-21 23:30:01] === MONITOR LOCAL INICIO 2026-05-21 2330 ===
[2026-05-21 23:30:01] SKIP: fuera de horario (2330)
[2026-05-21 23:35:01] === MONITOR LOCAL INICIO 2026-05-21 2335 ===
[2026-05-21 23:35:01] SKIP: fuera de horario (2335)
[2026-05-21 23:40:01] === MONITOR LOCAL INICIO 2026-05-21 2340 ===
[2026-05-21 23:40:01] SKIP: fuera de horario (2340)
[2026-05-21 23:45:01] === MONITOR LOCAL INICIO 2026-05-21 2345 ===
[2026-05-21 23:45:01] SKIP: fuera de horario (2345)
[2026-05-21 23:50:01] === MONITOR LOCAL INICIO 2026-05-21 2350 ===
[2026-05-21 23:50:01] SKIP: fuera de horario (2350)
[2026-05-21 23:55:01] === MONITOR LOCAL INICIO 2026-05-21 2355 ===
[2026-05-21 23:55:01] SKIP: fuera de horario (2355)
[2026-05-22 00:00:01] === MONITOR LOCAL INICIO 2026-05-22 0000 ===
[2026-05-22 00:00:01] SKIP: fuera de horario (0000)
[2026-05-22 00:05:01] === MONITOR LOCAL INICIO 2026-05-22 0005 ===
[2026-05-22 00:05:01] SKIP: fuera de horario (0005)
[2026-05-22 00:10:01] === MONITOR LOCAL INICIO 2026-05-22 0010 ===
[2026-05-22 00:10:01] SKIP: fuera de horario (0010)
[2026-05-22 00:15:01] === MONITOR LOCAL INICIO 2026-05-22 0015 ===
[2026-05-22 00:15:01] SKIP: fuera de horario (0015)
[2026-05-22 00:20:01] === MONITOR LOCAL INICIO 2026-05-22 0020 ===
[2026-05-22 00:20:01] SKIP: fuera de horario (0020)
[2026-05-22 00:25:01] === MONITOR LOCAL INICIO 2026-05-22 0025 ===
[2026-05-22 00:25:01] SKIP: fuera de horario (0025)
[2026-05-22 00:30:01] === MONITOR LOCAL INICIO 2026-05-22 0030 ===
[2026-05-22 00:30:01] SKIP: fuera de horario (0030)
[2026-05-22 00:35:01] === MONITOR LOCAL INICIO 2026-05-22 0035 ===
[2026-05-22 00:35:01] SKIP: fuera de horario (0035)
[2026-05-22 00:40:01] === MONITOR LOCAL INICIO 2026-05-22 0040 ===
[2026-05-22 00:40:01] SKIP: fuera de horario (0040)
[2026-05-22 00:45:01] === MONITOR LOCAL INICIO 2026-05-22 0045 ===
[2026-05-22 00:45:01] SKIP: fuera de horario (0045)
[2026-05-22 00:50:02] === MONITOR LOCAL INICIO 2026-05-22 0050 ===
[2026-05-22 00:50:02] SKIP: fuera de horario (0050)
[2026-05-22 00:55:01] === MONITOR LOCAL INICIO 2026-05-22 0055 ===
[2026-05-22 00:55:01] SKIP: fuera de horario (0055)
[2026-05-22 01:00:01] === MONITOR LOCAL INICIO 2026-05-22 0100 ===
[2026-05-22 01:00:01] SKIP: fuera de horario (0100)
[2026-05-22 01:05:01] === MONITOR LOCAL INICIO 2026-05-22 0105 ===
[2026-05-22 01:05:01] SKIP: fuera de horario (0105)
[2026-05-22 01:10:01] === MONITOR LOCAL INICIO 2026-05-22 0110 ===
[2026-05-22 01:10:01] SKIP: fuera de horario (0110)
[2026-05-22 01:15:01] === MONITOR LOCAL INICIO 2026-05-22 0115 ===
[2026-05-22 01:15:01] SKIP: fuera de horario (0115)
[2026-05-22 01:20:01] === MONITOR LOCAL INICIO 2026-05-22 0120 ===
[2026-05-22 01:20:01] SKIP: fuera de horario (0120)
[2026-05-22 01:25:01] === MONITOR LOCAL INICIO 2026-05-22 0125 ===
[2026-05-22 01:25:01] SKIP: fuera de horario (0125)
[2026-05-22 01:30:01] === MONITOR LOCAL INICIO 2026-05-22 0130 ===
[2026-05-22 01:30:01] SKIP: fuera de horario (0130)
[2026-05-22 01:35:01] === MONITOR LOCAL INICIO 2026-05-22 0135 ===
[2026-05-22 01:35:01] SKIP: fuera de horario (0135)
[2026-05-22 01:40:01] === MONITOR LOCAL INICIO 2026-05-22 0140 ===
[2026-05-22 01:40:01] SKIP: fuera de horario (0140)
[2026-05-22 01:45:01] === MONITOR LOCAL INICIO 2026-05-22 0145 ===
[2026-05-22 01:45:01] SKIP: fuera de horario (0145)
[2026-05-22 01:50:01] === MONITOR LOCAL INICIO 2026-05-22 0150 ===
[2026-05-22 01:50:01] SKIP: fuera de horario (0150)
[2026-05-22 01:55:01] === MONITOR LOCAL INICIO 2026-05-22 0155 ===
[2026-05-22 01:55:01] SKIP: fuera de horario (0155)
[2026-05-22 02:00:01] === MONITOR LOCAL INICIO 2026-05-22 0200 ===
[2026-05-22 02:00:01] SKIP: fuera de horario (0200)
[2026-05-22 02:05:02] === MONITOR LOCAL INICIO 2026-05-22 0205 ===
[2026-05-22 02:05:02] SKIP: fuera de horario (0205)
[2026-05-22 02:10:01] === MONITOR LOCAL INICIO 2026-05-22 0210 ===
[2026-05-22 02:10:01] SKIP: fuera de horario (0210)
[2026-05-22 02:15:01] === MONITOR LOCAL INICIO 2026-05-22 0215 ===
[2026-05-22 02:15:01] SKIP: fuera de horario (0215)
[2026-05-22 02:20:01] === MONITOR LOCAL INICIO 2026-05-22 0220 ===
[2026-05-22 02:20:01] SKIP: fuera de horario (0220)
[2026-05-22 02:25:01] === MONITOR LOCAL INICIO 2026-05-22 0225 ===
[2026-05-22 02:25:01] SKIP: fuera de horario (0225)
[2026-05-22 02:30:01] === MONITOR LOCAL INICIO 2026-05-22 0230 ===
[2026-05-22 02:30:01] SKIP: fuera de horario (0230)
[2026-05-22 02:35:01] === MONITOR LOCAL INICIO 2026-05-22 0235 ===
[2026-05-22 02:35:01] SKIP: fuera de horario (0235)
[2026-05-22 02:40:02] === MONITOR LOCAL INICIO 2026-05-22 0240 ===
[2026-05-22 02:40:02] SKIP: fuera de horario (0240)
[2026-05-22 02:45:01] === MONITOR LOCAL INICIO 2026-05-22 0245 ===
[2026-05-22 02:45:01] SKIP: fuera de horario (0245)
[2026-05-22 02:50:01] === MONITOR LOCAL INICIO 2026-05-22 0250 ===
[2026-05-22 02:50:01] SKIP: fuera de horario (0250)
[2026-05-22 02:55:01] === MONITOR LOCAL INICIO 2026-05-22 0255 ===
[2026-05-22 02:55:01] SKIP: fuera de horario (0255)
[2026-05-22 03:00:01] === MONITOR LOCAL INICIO 2026-05-22 0300 ===
[2026-05-22 03:00:01] SKIP: fuera de horario (0300)
[2026-05-22 03:05:01] === MONITOR LOCAL INICIO 2026-05-22 0305 ===
[2026-05-22 03:05:02] SKIP: fuera de horario (0305)
[2026-05-22 03:10:01] === MONITOR LOCAL INICIO 2026-05-22 0310 ===
[2026-05-22 03:10:01] SKIP: fuera de horario (0310)
[2026-05-22 03:15:01] === MONITOR LOCAL INICIO 2026-05-22 0315 ===
[2026-05-22 03:15:01] SKIP: fuera de horario (0315)
[2026-05-22 03:20:01] === MONITOR LOCAL INICIO 2026-05-22 0320 ===
[2026-05-22 03:20:01] SKIP: fuera de horario (0320)
[2026-05-22 03:25:01] === MONITOR LOCAL INICIO 2026-05-22 0325 ===
[2026-05-22 03:25:01] SKIP: fuera de horario (0325)
[2026-05-22 03:30:01] === MONITOR LOCAL INICIO 2026-05-22 0330 ===
[2026-05-22 03:30:01] SKIP: fuera de horario (0330)
[2026-05-22 03:35:01] === MONITOR LOCAL INICIO 2026-05-22 0335 ===
[2026-05-22 03:35:01] SKIP: fuera de horario (0335)
[2026-05-22 13:05:01] === MONITOR LOCAL INICIO 2026-05-22 1305 ===
[2026-05-22 13:05:02] WATCHDOG: Sin datos en mercado
[2026-05-22 13:05:02] === MONITOR LOCAL FIN ===
[2026-05-22 13:10:01] === MONITOR LOCAL INICIO 2026-05-22 1310 ===
[2026-05-22 13:10:01] WATCHDOG: Sin datos en mercado
[2026-05-22 13:10:01] === MONITOR LOCAL FIN ===
[2026-05-22 13:15:01] === MONITOR LOCAL INICIO 2026-05-22 1315 ===
[2026-05-22 13:15:01] WATCHDOG: Sin datos en mercado
[2026-05-22 13:15:01] === MONITOR LOCAL FIN ===
[2026-05-22 13:20:01] === MONITOR LOCAL INICIO 2026-05-22 1320 ===
[2026-05-22 13:20:02] WATCHDOG: Sin datos en mercado
[2026-05-22 13:20:02] === MONITOR LOCAL FIN ===
[2026-05-22 13:25:01] === MONITOR LOCAL INICIO 2026-05-22 1325 ===
[2026-05-22 13:25:02] WATCHDOG: Sin datos en mercado
[2026-05-22 13:25:02] === MONITOR LOCAL FIN ===
[2026-05-22 13:30:01] === MONITOR LOCAL INICIO 2026-05-22 1330 ===
[2026-05-22 13:30:01] WATCHDOG: Sin datos en mercado
[2026-05-22 13:30:01] === MONITOR LOCAL FIN ===
[2026-05-22 13:35:01] === MONITOR LOCAL INICIO 2026-05-22 1335 ===
[2026-05-22 13:35:02] WATCHDOG: Sin datos en mercado
[2026-05-22 13:35:02] === MONITOR LOCAL FIN ===
[2026-05-22 13:40:01] === MONITOR LOCAL INICIO 2026-05-22 1340 ===
[2026-05-22 13:40:01] WATCHDOG: Sin datos en mercado
[2026-05-22 13:40:01] === MONITOR LOCAL FIN ===
[2026-05-22 13:45:01] === MONITOR LOCAL INICIO 2026-05-22 1345 ===
[2026-05-22 13:45:01] WATCHDOG: Sin datos en mercado
[2026-05-22 13:45:01] === MONITOR LOCAL FIN ===
[2026-05-22 13:50:02] === MONITOR LOCAL INICIO 2026-05-22 1350 ===
[2026-05-22 13:50:02] WATCHDOG: Sin datos en mercado
[2026-05-22 13:50:02] === MONITOR LOCAL FIN ===
[2026-05-22 13:55:01] === MONITOR LOCAL INICIO 2026-05-22 1355 ===
[2026-05-22 13:55:01] WATCHDOG: Sin datos en mercado
[2026-05-22 13:55:01] === MONITOR LOCAL FIN ===
[2026-05-22 14:00:01] === MONITOR LOCAL INICIO 2026-05-22 1400 ===
[2026-05-22 14:00:02] WATCHDOG: Sin datos en mercado
[2026-05-22 14:00:02] === MONITOR LOCAL FIN ===
[2026-05-22 14:05:01] === MONITOR LOCAL INICIO 2026-05-22 1405 ===
[2026-05-22 14:05:01] WATCHDOG: Sin datos en mercado
[2026-05-22 14:05:01] === MONITOR LOCAL FIN ===
[2026-05-22 14:10:01] === MONITOR LOCAL INICIO 2026-05-22 1410 ===
[2026-05-22 14:10:02] WATCHDOG: Sin datos en mercado
[2026-05-22 14:10:02] === MONITOR LOCAL FIN ===
[2026-05-22 14:15:01] === MONITOR LOCAL INICIO 2026-05-22 1415 ===
[2026-05-22 14:15:01] WATCHDOG: Sin datos en mercado
[2026-05-22 14:15:01] === MONITOR LOCAL FIN ===
[2026-05-22 14:20:01] === MONITOR LOCAL INICIO 2026-05-22 1420 ===
[2026-05-22 14:20:02] WATCHDOG: Sin datos en mercado
[2026-05-22 14:20:02] === MONITOR LOCAL FIN ===
[2026-05-22 14:25:01] === MONITOR LOCAL INICIO 2026-05-22 1425 ===
[2026-05-22 14:25:01] WATCHDOG: Sin datos en mercado
[2026-05-22 14:25:01] === MONITOR LOCAL FIN ===
[2026-05-22 14:30:01] === MONITOR LOCAL INICIO 2026-05-22 1430 ===
[2026-05-22 14:30:01] WATCHDOG: Sin datos en mercado
[2026-05-22 14:30:01] === MONITOR LOCAL FIN ===
[2026-05-22 14:35:01] === MONITOR LOCAL INICIO 2026-05-22 1435 ===
[2026-05-22 14:35:02] WATCHDOG: Sin datos en mercado
[2026-05-22 14:35:02] === MONITOR LOCAL FIN ===
[2026-05-22 14:40:01] === MONITOR LOCAL INICIO 2026-05-22 1440 ===
[2026-05-22 14:40:01] WATCHDOG: Sin datos en mercado
[2026-05-22 14:40:01] === MONITOR LOCAL FIN ===
[2026-05-22 14:45:01] === MONITOR LOCAL INICIO 2026-05-22 1445 ===
[2026-05-22 14:45:01] WATCHDOG: Sin datos en mercado
[2026-05-22 14:45:01] === MONITOR LOCAL FIN ===
[2026-05-22 14:50:01] === MONITOR LOCAL INICIO 2026-05-22 1450 ===
[2026-05-22 14:50:01] WATCHDOG: Sin datos en mercado
[2026-05-22 14:50:01] === MONITOR LOCAL FIN ===
[2026-05-22 14:55:01] === MONITOR LOCAL INICIO 2026-05-22 1455 ===
[2026-05-22 14:55:02] WATCHDOG: Sin datos en mercado
[2026-05-22 14:55:02] === MONITOR LOCAL FIN ===
[2026-05-22 15:00:01] === MONITOR LOCAL INICIO 2026-05-22 1500 ===
[2026-05-22 15:00:01] WATCHDOG: Sin datos en mercado
[2026-05-22 15:00:01] === MONITOR LOCAL FIN ===
[2026-05-22 15:05:01] === MONITOR LOCAL INICIO 2026-05-22 1505 ===
[2026-05-22 15:05:02] WATCHDOG: Sin datos en mercado
[2026-05-22 15:05:02] === MONITOR LOCAL FIN ===
[2026-05-22 15:10:01] === MONITOR LOCAL INICIO 2026-05-22 1510 ===
[2026-05-22 15:10:01] WATCHDOG: Sin datos en mercado
[2026-05-22 15:10:01] === MONITOR LOCAL FIN ===
[2026-05-22 15:15:01] === MONITOR LOCAL INICIO 2026-05-22 1515 ===
[2026-05-22 15:15:02] WATCHDOG: Sin datos en mercado
[2026-05-22 15:15:02] === MONITOR LOCAL FIN ===
[2026-05-22 15:20:01] === MONITOR LOCAL INICIO 2026-05-22 1520 ===
[2026-05-22 15:20:01] WATCHDOG: Sin datos en mercado
[2026-05-22 15:20:01] === MONITOR LOCAL FIN ===
[2026-05-22 15:25:01] === MONITOR LOCAL INICIO 2026-05-22 1525 ===
[2026-05-22 15:25:02] WATCHDOG: Sin datos en mercado
[2026-05-22 15:25:02] === MONITOR LOCAL FIN ===
[2026-05-22 15:30:01] === MONITOR LOCAL INICIO 2026-05-22 1530 ===
[2026-05-22 15:30:01] WATCHDOG: Sin datos en mercado
[2026-05-22 15:30:01] === MONITOR LOCAL FIN ===
[2026-05-22 15:35:01] === MONITOR LOCAL INICIO 2026-05-22 1535 ===
[2026-05-22 15:35:01] WATCHDOG: Sin datos en mercado
[2026-05-22 15:35:01] === MONITOR LOCAL FIN ===
[2026-05-22 15:40:01] === MONITOR LOCAL INICIO 2026-05-22 1540 ===
[2026-05-22 15:40:02] WATCHDOG: Sin datos en mercado
[2026-05-22 15:40:02] === MONITOR LOCAL FIN ===
[2026-05-22 15:45:01] === MONITOR LOCAL INICIO 2026-05-22 1545 ===
[2026-05-22 15:45:01] WATCHDOG: Sin datos en mercado
[2026-05-22 15:45:01] === MONITOR LOCAL FIN ===
[2026-05-22 15:50:01] === MONITOR LOCAL INICIO 2026-05-22 1550 ===
[2026-05-22 15:50:01] WATCHDOG: Sin datos en mercado
[2026-05-22 15:50:01] === MONITOR LOCAL FIN ===
[2026-05-22 15:55:01] === MONITOR LOCAL INICIO 2026-05-22 1555 ===
[2026-05-22 15:55:02] WATCHDOG: Sin datos en mercado
[2026-05-22 15:55:02] === MONITOR LOCAL FIN ===
[2026-05-22 16:00:01] === MONITOR LOCAL INICIO 2026-05-22 1600 ===
[2026-05-22 16:00:01] WATCHDOG: Sin datos en mercado
[2026-05-22 16:00:01] === MONITOR LOCAL FIN ===
[2026-05-22 16:05:01] === MONITOR LOCAL INICIO 2026-05-22 1605 ===
[2026-05-22 16:05:02] WATCHDOG: Sin datos en mercado
[2026-05-22 16:05:02] === MONITOR LOCAL FIN ===
[2026-05-22 16:10:01] === MONITOR LOCAL INICIO 2026-05-22 1610 ===
[2026-05-22 16:10:02] WATCHDOG: Sin datos en mercado
[2026-05-22 16:10:02] === MONITOR LOCAL FIN ===
[2026-05-22 16:15:01] === MONITOR LOCAL INICIO 2026-05-22 1615 ===
[2026-05-22 16:15:02] WATCHDOG: Sin datos en mercado
[2026-05-22 16:15:02] === MONITOR LOCAL FIN ===
[2026-05-22 16:20:01] === MONITOR LOCAL INICIO 2026-05-22 1620 ===
[2026-05-22 16:20:01] WATCHDOG: Sin datos en mercado
[2026-05-22 16:20:01] === MONITOR LOCAL FIN ===
[2026-05-22 16:25:01] === MONITOR LOCAL INICIO 2026-05-22 1625 ===
[2026-05-22 16:25:01] WATCHDOG: Sin datos en mercado
[2026-05-22 16:25:02] === MONITOR LOCAL FIN ===
[2026-05-22 16:30:01] === MONITOR LOCAL INICIO 2026-05-22 1630 ===
[2026-05-22 16:30:01] WATCHDOG: Sin datos en mercado
[2026-05-22 16:30:01] === MONITOR LOCAL FIN ===
[2026-05-22 16:35:01] === MONITOR LOCAL INICIO 2026-05-22 1635 ===
[2026-05-22 16:35:02] WATCHDOG: Sin datos en mercado
[2026-05-22 16:35:02] === MONITOR LOCAL FIN ===
[2026-05-22 16:40:01] === MONITOR LOCAL INICIO 2026-05-22 1640 ===
[2026-05-22 16:40:01] WATCHDOG: Sin datos en mercado
[2026-05-22 16:40:01] === MONITOR LOCAL FIN ===
[2026-05-22 16:45:02] === MONITOR LOCAL INICIO 2026-05-22 1645 ===
[2026-05-22 16:45:04] WATCHDOG: Sin datos en mercado
[2026-05-22 16:45:04] === MONITOR LOCAL FIN ===
[2026-05-22 16:50:01] === MONITOR LOCAL INICIO 2026-05-22 1650 ===
[2026-05-22 16:50:02] WATCHDOG: Sin datos en mercado
[2026-05-22 16:50:02] === MONITOR LOCAL FIN ===
[2026-05-22 17:30:01] === MONITOR LOCAL INICIO 2026-05-22 1730 ===
[2026-05-22 17:30:02] WATCHDOG: Sin datos en mercado
[2026-05-22 17:30:04] DOLAR: dolarapi MEP=1434.3
[2026-05-22 17:30:04] DOLAR: dolarapi CCL=1486.6
[2026-05-22 17:30:05] DOLAR: dolarapi Oficial=1425
[2026-05-22 17:30:05] DOLAR: dolarapi Blue=1425
{"code":"23514","details":"Failing row contains (1148, 2026-05-22, blue, 1425.00, dolarapi, 2026-05-22 20:30:05.742206+00).","hint":null,"message":"new row for relation \"dolar_historico\" violates check constraint \"dolar_historico_tipo_check\""}[2026-05-22 17:30:05] DOLAR: dolarapi Mayorista=1403
{"code":"23514","details":"Failing row contains (1149, 2026-05-22, mayorista, 1403.00, dolarapi, 2026-05-22 20:30:06.014182+00).","hint":null,"message":"new row for relation \"dolar_historico\" violates check constraint \"dolar_historico_tipo_check\""}/mnt/c/dashboard/Github/scripts/monitor_local.sh: line 383: local: can only be used in a function
[2026-05-22 17:35:01] === MONITOR LOCAL INICIO 2026-05-22 1735 ===
[2026-05-22 17:35:01] WATCHDOG: Sin datos en mercado
[2026-05-22 17:35:03] DOLAR: MEP=1431.92 (91500/63.9)
{"code":"23505","details":"Key (fecha, tipo)=(2026-05-22, mep) already exists.","hint":null,"message":"duplicate key value violates unique constraint \"dolar_historico_fecha_tipo_key\""}[2026-05-22 17:35:03] DOLAR: CCL=1487.07 (91500/61.53)
{"code":"23505","details":"Key (fecha, tipo)=(2026-05-22, ccl) already exists.","hint":null,"message":"duplicate key value violates unique constraint \"dolar_historico_fecha_tipo_key\""}[2026-05-22 17:35:04] DOLAR: dolarapi MEP=1434.3
{"code":"23505","details":"Key (fecha, tipo)=(2026-05-22, mep) already exists.","hint":null,"message":"duplicate key value violates unique constraint \"dolar_historico_fecha_tipo_key\""}[2026-05-22 17:35:05] DOLAR: dolarapi CCL=1486.6
{"code":"23505","details":"Key (fecha, tipo)=(2026-05-22, ccl) already exists.","hint":null,"message":"duplicate key value violates unique constraint \"dolar_historico_fecha_tipo_key\""}[2026-05-22 17:35:05] DOLAR: dolarapi Oficial=1425
{"code":"23505","details":"Key (fecha, tipo)=(2026-05-22, oficial) already exists.","hint":null,"message":"duplicate key value violates unique constraint \"dolar_historico_fecha_tipo_key\""}[2026-05-22 17:35:05] DOLAR: dolarapi Blue=1425
{"code":"23514","details":"Failing row contains (1155, 2026-05-22, blue, 1425.00, dolarapi, 2026-05-22 20:35:05.937684+00).","hint":null,"message":"new row for relation \"dolar_historico\" violates check constraint \"dolar_historico_tipo_check\""}[2026-05-22 17:35:06] DOLAR: dolarapi Mayorista=1403
{"code":"23514","details":"Failing row contains (1156, 2026-05-22, mayorista, 1403.00, dolarapi, 2026-05-22 20:35:06.201732+00).","hint":null,"message":"new row for relation \"dolar_historico\" violates check constraint \"dolar_historico_tipo_check\""}/mnt/c/dashboard/Github/scripts/monitor_local.sh: line 383: local: can only be used in a function
[2026-05-22 17:40:01] === MONITOR LOCAL INICIO 2026-05-22 1740 ===
[2026-05-22 17:40:01] WATCHDOG: Sin datos en mercado
[2026-05-22 17:40:03] DOLAR: MEP=1431.92 (91500/63.9)
{"code":"23505","details":"Key (fecha, tipo)=(2026-05-22, mep) already exists.","hint":null,"message":"duplicate key value violates unique constraint \"dolar_historico_fecha_tipo_key\""}[2026-05-22 17:40:03] DOLAR: CCL=1487.07 (91500/61.53)
{"code":"23505","details":"Key (fecha, tipo)=(2026-05-22, ccl) already exists.","hint":null,"message":"duplicate key value violates unique constraint \"dolar_historico_fecha_tipo_key\""}[2026-05-22 17:40:04] DOLAR: dolarapi MEP=1434.3
{"code":"23505","details":"Key (fecha, tipo)=(2026-05-22, mep) already exists.","hint":null,"message":"duplicate key value violates unique constraint \"dolar_historico_fecha_tipo_key\""}[2026-05-22 17:40:05] DOLAR: dolarapi CCL=1486.6
{"code":"23505","details":"Key (fecha, tipo)=(2026-05-22, ccl) already exists.","hint":null,"message":"duplicate key value violates unique constraint \"dolar_historico_fecha_tipo_key\""}[2026-05-22 17:40:05] DOLAR: dolarapi Oficial=1425
{"code":"23505","details":"Key (fecha, tipo)=(2026-05-22, oficial) already exists.","hint":null,"message":"duplicate key value violates unique constraint \"dolar_historico_fecha_tipo_key\""}[2026-05-22 17:40:05] DOLAR: dolarapi Blue=1425
{"code":"23514","details":"Failing row contains (1162, 2026-05-22, blue, 1425.00, dolarapi, 2026-05-22 20:40:05.899693+00).","hint":null,"message":"new row for relation \"dolar_historico\" violates check constraint \"dolar_historico_tipo_check\""}[2026-05-22 17:40:05] DOLAR: dolarapi Mayorista=1403
{"code":"23514","details":"Failing row contains (1163, 2026-05-22, mayorista, 1403.00, dolarapi, 2026-05-22 20:40:06.198008+00).","hint":null,"message":"new row for relation \"dolar_historico\" violates check constraint \"dolar_historico_tipo_check\""}/mnt/c/dashboard/Github/scripts/monitor_local.sh: line 383: local: can only be used in a function
[2026-05-22 17:45:01] === MONITOR LOCAL INICIO 2026-05-22 1745 ===
[2026-05-22 17:45:02] WATCHDOG: Sin datos en mercado
[2026-05-22 17:45:03] DOLAR: MEP=1431.92 (91500/63.9)
{"code":"23505","details":"Key (fecha, tipo)=(2026-05-22, mep) already exists.","hint":null,"message":"duplicate key value violates unique constraint \"dolar_historico_fecha_tipo_key\""}[2026-05-22 17:45:04] DOLAR: CCL=1487.07 (91500/61.53)
{"code":"23505","details":"Key (fecha, tipo)=(2026-05-22, ccl) already exists.","hint":null,"message":"duplicate key value violates unique constraint \"dolar_historico_fecha_tipo_key\""}[2026-05-22 17:45:05] DOLAR: dolarapi MEP=1434.3
{"code":"23505","details":"Key (fecha, tipo)=(2026-05-22, mep) already exists.","hint":null,"message":"duplicate key value violates unique constraint \"dolar_historico_fecha_tipo_key\""}[2026-05-22 17:45:05] DOLAR: dolarapi CCL=1486.6
{"code":"23505","details":"Key (fecha, tipo)=(2026-05-22, ccl) already exists.","hint":null,"message":"duplicate key value violates unique constraint \"dolar_historico_fecha_tipo_key\""}[2026-05-22 17:45:05] DOLAR: dolarapi Oficial=1425
{"code":"23505","details":"Key (fecha, tipo)=(2026-05-22, oficial) already exists.","hint":null,"message":"duplicate key value violates unique constraint \"dolar_historico_fecha_tipo_key\""}[2026-05-22 17:45:06] DOLAR: dolarapi Blue=1425
{"code":"23514","details":"Failing row contains (1169, 2026-05-22, blue, 1425.00, dolarapi, 2026-05-22 20:45:06.243948+00).","hint":null,"message":"new row for relation \"dolar_historico\" violates check constraint \"dolar_historico_tipo_check\""}[2026-05-22 17:45:06] DOLAR: dolarapi Mayorista=1403
{"code":"23514","details":"Failing row contains (1170, 2026-05-22, mayorista, 1403.00, dolarapi, 2026-05-22 20:45:06.519035+00).","hint":null,"message":"new row for relation \"dolar_historico\" violates check constraint \"dolar_historico_tipo_check\""}/mnt/c/dashboard/Github/scripts/monitor_local.sh: line 383: local: can only be used in a function
[2026-05-22 17:50:01] === MONITOR LOCAL INICIO 2026-05-22 1750 ===
[2026-05-22 17:50:01] WATCHDOG: Sin datos en mercado
[2026-05-22 17:50:03] DOLAR: MEP=1431.92 (91500/63.9)
{"code":"23505","details":"Key (fecha, tipo)=(2026-05-22, mep) already exists.","hint":null,"message":"duplicate key value violates unique constraint \"dolar_historico_fecha_tipo_key\""}[2026-05-22 17:50:03] DOLAR: CCL=1487.07 (91500/61.53)
{"code":"23505","details":"Key (fecha, tipo)=(2026-05-22, ccl) already exists.","hint":null,"message":"duplicate key value violates unique constraint \"dolar_historico_fecha_tipo_key\""}[2026-05-22 17:50:04] DOLAR: dolarapi MEP=1434.3
{"code":"23505","details":"Key (fecha, tipo)=(2026-05-22, mep) already exists.","hint":null,"message":"duplicate key value violates unique constraint \"dolar_historico_fecha_tipo_key\""}[2026-05-22 17:50:04] DOLAR: dolarapi CCL=1486.6
{"code":"23505","details":"Key (fecha, tipo)=(2026-05-22, ccl) already exists.","hint":null,"message":"duplicate key value violates unique constraint \"dolar_historico_fecha_tipo_key\""}[2026-05-22 17:50:05] DOLAR: dolarapi Oficial=1425
{"code":"23505","details":"Key (fecha, tipo)=(2026-05-22, oficial) already exists.","hint":null,"message":"duplicate key value violates unique constraint \"dolar_historico_fecha_tipo_key\""}[2026-05-22 17:50:05] DOLAR: dolarapi Blue=1425
{"code":"23514","details":"Failing row contains (1176, 2026-05-22, blue, 1425.00, dolarapi, 2026-05-22 20:50:05.651876+00).","hint":null,"message":"new row for relation \"dolar_historico\" violates check constraint \"dolar_historico_tipo_check\""}[2026-05-22 17:50:05] DOLAR: dolarapi Mayorista=1403
{"code":"23514","details":"Failing row contains (1177, 2026-05-22, mayorista, 1403.00, dolarapi, 2026-05-22 20:50:05.924634+00).","hint":null,"message":"new row for relation \"dolar_historico\" violates check constraint \"dolar_historico_tipo_check\""}/mnt/c/dashboard/Github/scripts/monitor_local.sh: line 383: local: can only be used in a function
[2026-05-22 17:55:01] === MONITOR LOCAL INICIO 2026-05-22 1755 ===
[2026-05-22 17:55:01] WATCHDOG: Sin datos en mercado
[2026-05-22 17:55:02] DOLAR: MEP=1431.92 (91500/63.9)
{"code":"23505","details":"Key (fecha, tipo)=(2026-05-22, mep) already exists.","hint":null,"message":"duplicate key value violates unique constraint \"dolar_historico_fecha_tipo_key\""}[2026-05-22 17:55:03] DOLAR: CCL=1487.07 (91500/61.53)
{"code":"23505","details":"Key (fecha, tipo)=(2026-05-22, ccl) already exists.","hint":null,"message":"duplicate key value violates unique constraint \"dolar_historico_fecha_tipo_key\""}[2026-05-22 17:55:04] DOLAR: dolarapi MEP=1434.3
{"code":"23505","details":"Key (fecha, tipo)=(2026-05-22, mep) already exists.","hint":null,"message":"duplicate key value violates unique constraint \"dolar_historico_fecha_tipo_key\""}[2026-05-22 17:55:04] DOLAR: dolarapi CCL=1486.6
{"code":"23505","details":"Key (fecha, tipo)=(2026-05-22, ccl) already exists.","hint":null,"message":"duplicate key value violates unique constraint \"dolar_historico_fecha_tipo_key\""}[2026-05-22 17:55:04] DOLAR: dolarapi Oficial=1425
{"code":"23505","details":"Key (fecha, tipo)=(2026-05-22, oficial) already exists.","hint":null,"message":"duplicate key value violates unique constraint \"dolar_historico_fecha_tipo_key\""}[2026-05-22 17:55:05] DOLAR: dolarapi Blue=1425
{"code":"23514","details":"Failing row contains (1183, 2026-05-22, blue, 1425.00, dolarapi, 2026-05-22 20:55:05.216127+00).","hint":null,"message":"new row for relation \"dolar_historico\" violates check constraint \"dolar_historico_tipo_check\""}[2026-05-22 17:55:05] DOLAR: dolarapi Mayorista=1403
{"code":"23514","details":"Failing row contains (1184, 2026-05-22, mayorista, 1403.00, dolarapi, 2026-05-22 20:55:05.489463+00).","hint":null,"message":"new row for relation \"dolar_historico\" violates check constraint \"dolar_historico_tipo_check\""}/mnt/c/dashboard/Github/scripts/monitor_local.sh: line 383: local: can only be used in a function
[2026-05-22 18:00:01] === MONITOR LOCAL INICIO 2026-05-22 1800 ===
[2026-05-22 18:00:01] WATCHDOG: Sin datos en mercado
[2026-05-22 18:00:01] === MONITOR LOCAL FIN ===
[2026-05-22 18:05:01] === MONITOR LOCAL INICIO 2026-05-22 1805 ===
[2026-05-22 18:05:01] SKIP: fuera de horario (1805)
[2026-05-22 18:10:01] === MONITOR LOCAL INICIO 2026-05-22 1810 ===
[2026-05-22 18:10:01] SKIP: fuera de horario (1810)
[2026-05-22 18:15:01] === MONITOR LOCAL INICIO 2026-05-22 1815 ===
[2026-05-22 18:15:01] SKIP: fuera de horario (1815)
[2026-05-22 18:20:01] === MONITOR LOCAL INICIO 2026-05-22 1820 ===
[2026-05-22 18:20:01] SKIP: fuera de horario (1820)
[2026-05-22 18:25:01] === MONITOR LOCAL INICIO 2026-05-22 1825 ===
[2026-05-22 18:25:01] SKIP: fuera de horario (1825)
[2026-05-22 18:30:01] === MONITOR LOCAL INICIO 2026-05-22 1830 ===
[2026-05-22 18:30:01] SKIP: fuera de horario (1830)
[2026-05-22 18:35:01] === MONITOR LOCAL INICIO 2026-05-22 1835 ===
[2026-05-22 18:35:01] SKIP: fuera de horario (1835)
[2026-05-22 18:40:01] === MONITOR LOCAL INICIO 2026-05-22 1840 ===
[2026-05-22 18:40:01] SKIP: fuera de horario (1840)
[2026-05-22 18:45:01] === MONITOR LOCAL INICIO 2026-05-22 1845 ===
[2026-05-22 18:45:01] SKIP: fuera de horario (1845)
[2026-05-22 18:50:01] === MONITOR LOCAL INICIO 2026-05-22 1850 ===
[2026-05-22 18:50:01] SKIP: fuera de horario (1850)
[2026-05-22 18:55:01] === MONITOR LOCAL INICIO 2026-05-22 1855 ===
[2026-05-22 18:55:01] SKIP: fuera de horario (1855)
[2026-05-22 19:00:01] === MONITOR LOCAL INICIO 2026-05-22 1900 ===
[2026-05-22 19:00:01] SKIP: fuera de horario (1900)
[2026-05-22 19:05:01] === MONITOR LOCAL INICIO 2026-05-22 1905 ===
[2026-05-22 19:05:01] SKIP: fuera de horario (1905)
[2026-05-22 19:10:01] === MONITOR LOCAL INICIO 2026-05-22 1910 ===
[2026-05-22 19:10:01] SKIP: fuera de horario (1910)
[2026-05-22 19:15:01] === MONITOR LOCAL INICIO 2026-05-22 1915 ===
[2026-05-22 19:15:01] SKIP: fuera de horario (1915)
[2026-05-22 19:20:01] === MONITOR LOCAL INICIO 2026-05-22 1920 ===
[2026-05-22 19:20:01] SKIP: fuera de horario (1920)
[2026-05-22 19:25:01] === MONITOR LOCAL INICIO 2026-05-22 1925 ===
[2026-05-22 19:25:01] SKIP: fuera de horario (1925)
[2026-05-22 19:30:02] === MONITOR LOCAL INICIO 2026-05-22 1930 ===
[2026-05-22 19:30:02] SKIP: fuera de horario (1930)
[2026-05-22 19:35:01] === MONITOR LOCAL INICIO 2026-05-22 1935 ===
[2026-05-22 19:35:01] SKIP: fuera de horario (1935)
[2026-05-22 19:40:01] === MONITOR LOCAL INICIO 2026-05-22 1940 ===
[2026-05-22 19:40:01] SKIP: fuera de horario (1940)
[2026-05-22 19:45:01] === MONITOR LOCAL INICIO 2026-05-22 1945 ===
[2026-05-22 19:45:01] SKIP: fuera de horario (1945)
[2026-05-22 19:50:01] === MONITOR LOCAL INICIO 2026-05-22 1950 ===
[2026-05-22 19:50:01] SKIP: fuera de horario (1950)
[2026-05-22 19:55:01] === MONITOR LOCAL INICIO 2026-05-22 1955 ===
[2026-05-22 19:55:01] SKIP: fuera de horario (1955)
[2026-05-22 20:00:01] === MONITOR LOCAL INICIO 2026-05-22 2000 ===
[2026-05-22 20:00:01] SKIP: fuera de horario (2000)
[2026-05-22 20:05:01] === MONITOR LOCAL INICIO 2026-05-22 2005 ===
[2026-05-22 20:05:01] SKIP: fuera de horario (2005)
[2026-05-22 20:10:01] === MONITOR LOCAL INICIO 2026-05-22 2010 ===
[2026-05-22 20:10:01] SKIP: fuera de horario (2010)
[2026-05-22 20:15:01] === MONITOR LOCAL INICIO 2026-05-22 2015 ===
[2026-05-22 20:15:01] SKIP: fuera de horario (2015)
[2026-05-22 20:20:01] === MONITOR LOCAL INICIO 2026-05-22 2020 ===
[2026-05-22 20:20:01] SKIP: fuera de horario (2020)
[2026-05-22 20:25:01] === MONITOR LOCAL INICIO 2026-05-22 2025 ===
[2026-05-22 20:25:01] SKIP: fuera de horario (2025)
[2026-05-22 20:30:01] === MONITOR LOCAL INICIO 2026-05-22 2030 ===
[2026-05-22 20:30:01] SKIP: fuera de horario (2030)
[2026-05-22 20:35:01] === MONITOR LOCAL INICIO 2026-05-22 2035 ===
[2026-05-22 20:35:01] SKIP: fuera de horario (2035)
[2026-05-22 20:40:01] === MONITOR LOCAL INICIO 2026-05-22 2040 ===
[2026-05-22 20:40:01] SKIP: fuera de horario (2040)
[2026-05-22 20:45:01] === MONITOR LOCAL INICIO 2026-05-22 2045 ===
[2026-05-22 20:45:01] SKIP: fuera de horario (2045)
[2026-05-22 20:50:01] === MONITOR LOCAL INICIO 2026-05-22 2050 ===
[2026-05-22 20:50:01] SKIP: fuera de horario (2050)
[2026-05-22 20:55:01] === MONITOR LOCAL INICIO 2026-05-22 2055 ===
[2026-05-22 20:55:01] SKIP: fuera de horario (2055)
[2026-05-24 21:00:01] === MONITOR LOCAL INICIO 2026-05-24 2100 ===
[2026-05-24 21:00:01] SKIP: finde
[2026-05-24 21:25:01] === MONITOR LOCAL INICIO 2026-05-24 2125 ===
[2026-05-24 21:25:01] SKIP: finde
[2026-05-24 21:30:01] === MONITOR LOCAL INICIO 2026-05-24 2130 ===
[2026-05-24 21:30:02] SKIP: finde
[2026-05-24 21:35:01] === MONITOR LOCAL INICIO 2026-05-24 2135 ===
[2026-05-24 21:35:01] SKIP: finde
[2026-05-24 21:40:01] === MONITOR LOCAL INICIO 2026-05-24 2140 ===
[2026-05-24 21:40:01] SKIP: finde
[2026-05-24 21:45:01] === MONITOR LOCAL INICIO 2026-05-24 2145 ===
[2026-05-24 21:45:01] SKIP: finde
[2026-05-24 21:50:01] === MONITOR LOCAL INICIO 2026-05-24 2150 ===
[2026-05-24 21:50:01] SKIP: finde
[2026-05-24 21:55:01] === MONITOR LOCAL INICIO 2026-05-24 2155 ===
[2026-05-24 21:55:01] SKIP: finde
[2026-05-24 22:00:01] === MONITOR LOCAL INICIO 2026-05-24 2200 ===
[2026-05-24 22:00:01] SKIP: finde
[2026-05-24 22:05:01] === MONITOR LOCAL INICIO 2026-05-24 2205 ===
[2026-05-24 22:05:01] SKIP: finde
[2026-05-24 22:10:01] === MONITOR LOCAL INICIO 2026-05-24 2210 ===
[2026-05-24 22:10:01] SKIP: finde
[2026-05-24 22:15:01] === MONITOR LOCAL INICIO 2026-05-24 2215 ===
[2026-05-24 22:15:01] SKIP: finde
[2026-05-24 22:20:01] === MONITOR LOCAL INICIO 2026-05-24 2220 ===
[2026-05-24 22:20:01] SKIP: finde
[2026-05-24 22:25:01] === MONITOR LOCAL INICIO 2026-05-24 2225 ===
[2026-05-24 22:25:01] SKIP: finde
[2026-05-24 22:30:01] === MONITOR LOCAL INICIO 2026-05-24 2230 ===
[2026-05-24 22:30:01] SKIP: finde
[2026-05-24 22:35:01] === MONITOR LOCAL INICIO 2026-05-24 2235 ===
[2026-05-24 22:35:01] SKIP: finde
[2026-05-24 22:40:01] === MONITOR LOCAL INICIO 2026-05-24 2240 ===
[2026-05-24 22:40:01] SKIP: finde
[2026-05-24 22:45:01] === MONITOR LOCAL INICIO 2026-05-24 2245 ===
[2026-05-24 22:45:01] SKIP: finde
[2026-05-24 22:50:01] === MONITOR LOCAL INICIO 2026-05-24 2250 ===
[2026-05-24 22:50:01] SKIP: finde
[2026-05-24 22:55:01] === MONITOR LOCAL INICIO 2026-05-24 2255 ===
[2026-05-24 22:55:01] SKIP: finde
[2026-05-24 23:00:01] === MONITOR LOCAL INICIO 2026-05-24 2300 ===
[2026-05-24 23:00:01] SKIP: finde
[2026-05-24 23:05:01] === MONITOR LOCAL INICIO 2026-05-24 2305 ===
[2026-05-24 23:05:01] SKIP: finde
[2026-05-24 23:10:01] === MONITOR LOCAL INICIO 2026-05-24 2310 ===
[2026-05-24 23:10:01] SKIP: finde
[2026-05-24 23:15:01] === MONITOR LOCAL INICIO 2026-05-24 2315 ===
[2026-05-24 23:15:01] SKIP: finde
[2026-05-24 23:20:01] === MONITOR LOCAL INICIO 2026-05-24 2320 ===
[2026-05-24 23:20:01] SKIP: finde
[2026-05-24 23:25:01] === MONITOR LOCAL INICIO 2026-05-24 2325 ===
[2026-05-24 23:25:01] SKIP: finde
[2026-05-24 23:30:01] === MONITOR LOCAL INICIO 2026-05-24 2330 ===
[2026-05-24 23:30:01] SKIP: finde
[2026-05-24 23:35:01] === MONITOR LOCAL INICIO 2026-05-24 2335 ===
[2026-05-24 23:35:01] SKIP: finde
[2026-05-24 23:40:01] === MONITOR LOCAL INICIO 2026-05-24 2340 ===
[2026-05-24 23:40:01] SKIP: finde
[2026-05-24 23:45:01] === MONITOR LOCAL INICIO 2026-05-24 2345 ===
[2026-05-24 23:45:01] SKIP: finde
[2026-05-24 23:50:01] === MONITOR LOCAL INICIO 2026-05-24 2350 ===
[2026-05-24 23:50:01] SKIP: finde
[2026-05-24 23:55:01] === MONITOR LOCAL INICIO 2026-05-24 2355 ===
[2026-05-24 23:55:01] SKIP: finde
[2026-05-25 00:00:01] === MONITOR LOCAL INICIO 2026-05-25 0000 ===
[2026-05-25 00:00:01] SKIP: fuera de horario (0000)
[2026-05-25 00:05:02] === MONITOR LOCAL INICIO 2026-05-25 0005 ===
[2026-05-25 00:05:02] SKIP: fuera de horario (0005)
[2026-05-25 00:10:01] === MONITOR LOCAL INICIO 2026-05-25 0010 ===
[2026-05-25 00:10:01] SKIP: fuera de horario (0010)
[2026-05-25 00:15:01] === MONITOR LOCAL INICIO 2026-05-25 0015 ===
[2026-05-25 00:15:01] SKIP: fuera de horario (0015)
[2026-05-25 00:20:01] === MONITOR LOCAL INICIO 2026-05-25 0020 ===
[2026-05-25 00:20:01] SKIP: fuera de horario (0020)
[2026-05-25 00:25:01] === MONITOR LOCAL INICIO 2026-05-25 0025 ===
[2026-05-25 00:25:01] SKIP: fuera de horario (0025)
[2026-05-25 00:30:01] === MONITOR LOCAL INICIO 2026-05-25 0030 ===
[2026-05-25 00:30:01] SKIP: fuera de horario (0030)
[2026-05-25 00:35:01] === MONITOR LOCAL INICIO 2026-05-25 0035 ===
[2026-05-25 00:35:01] SKIP: fuera de horario (0035)
[2026-05-25 00:40:01] === MONITOR LOCAL INICIO 2026-05-25 0040 ===
[2026-05-25 00:40:01] SKIP: fuera de horario (0040)
[2026-05-25 00:45:01] === MONITOR LOCAL INICIO 2026-05-25 0045 ===
[2026-05-25 00:45:01] SKIP: fuera de horario (0045)
[2026-05-25 00:50:01] === MONITOR LOCAL INICIO 2026-05-25 0050 ===
[2026-05-25 00:50:01] SKIP: fuera de horario (0050)
[2026-05-25 00:55:01] === MONITOR LOCAL INICIO 2026-05-25 0055 ===
[2026-05-25 00:55:01] SKIP: fuera de horario (0055)
[2026-05-25 01:00:01] === MONITOR LOCAL INICIO 2026-05-25 0100 ===
[2026-05-25 01:00:01] SKIP: fuera de horario (0100)
[2026-05-25 01:05:01] === MONITOR LOCAL INICIO 2026-05-25 0105 ===
[2026-05-25 01:05:01] SKIP: fuera de horario (0105)
[2026-05-25 01:10:01] === MONITOR LOCAL INICIO 2026-05-25 0110 ===
[2026-05-25 01:10:01] SKIP: fuera de horario (0110)
[2026-05-25 01:15:01] === MONITOR LOCAL INICIO 2026-05-25 0115 ===
[2026-05-25 01:15:01] SKIP: fuera de horario (0115)
[2026-05-25 01:20:01] === MONITOR LOCAL INICIO 2026-05-25 0120 ===
[2026-05-25 01:20:01] SKIP: fuera de horario (0120)
[2026-05-25 01:25:01] === MONITOR LOCAL INICIO 2026-05-25 0125 ===
[2026-05-25 01:25:01] SKIP: fuera de horario (0125)
[2026-05-25 01:30:01] === MONITOR LOCAL INICIO 2026-05-25 0130 ===
[2026-05-25 01:30:01] SKIP: fuera de horario (0130)
[2026-05-25 01:35:01] === MONITOR LOCAL INICIO 2026-05-25 0135 ===
[2026-05-25 01:35:01] SKIP: fuera de horario (0135)
[2026-05-25 01:40:01] === MONITOR LOCAL INICIO 2026-05-25 0140 ===
[2026-05-25 01:40:01] SKIP: fuera de horario (0140)
[2026-05-25 01:45:01] === MONITOR LOCAL INICIO 2026-05-25 0145 ===
[2026-05-25 01:45:01] SKIP: fuera de horario (0145)
[2026-05-25 01:50:01] === MONITOR LOCAL INICIO 2026-05-25 0150 ===
[2026-05-25 01:50:01] SKIP: fuera de horario (0150)
[2026-05-25 01:55:01] === MONITOR LOCAL INICIO 2026-05-25 0155 ===
[2026-05-25 01:55:01] SKIP: fuera de horario (0155)
[2026-05-25 02:00:01] === MONITOR LOCAL INICIO 2026-05-25 0200 ===
[2026-05-25 02:00:01] SKIP: fuera de horario (0200)
[2026-05-25 02:05:01] === MONITOR LOCAL INICIO 2026-05-25 0205 ===
[2026-05-25 02:05:01] SKIP: fuera de horario (0205)
[2026-05-25 02:10:01] === MONITOR LOCAL INICIO 2026-05-25 0210 ===
[2026-05-25 02:10:01] SKIP: fuera de horario (0210)
[2026-05-25 02:15:01] === MONITOR LOCAL INICIO 2026-05-25 0215 ===
[2026-05-25 02:15:01] SKIP: fuera de horario (0215)
[2026-05-25 02:20:01] === MONITOR LOCAL INICIO 2026-05-25 0220 ===
[2026-05-25 02:20:01] SKIP: fuera de horario (0220)
[2026-05-25 02:25:01] === MONITOR LOCAL INICIO 2026-05-25 0225 ===
[2026-05-25 02:25:01] SKIP: fuera de horario (0225)
[2026-05-25 02:30:02] === MONITOR LOCAL INICIO 2026-05-25 0230 ===
[2026-05-25 02:30:02] SKIP: fuera de horario (0230)
[2026-05-25 02:35:01] === MONITOR LOCAL INICIO 2026-05-25 0235 ===
[2026-05-25 02:35:01] SKIP: fuera de horario (0235)
[2026-05-25 02:40:01] === MONITOR LOCAL INICIO 2026-05-25 0240 ===
[2026-05-25 02:40:01] SKIP: fuera de horario (0240)
[2026-05-25 02:45:01] === MONITOR LOCAL INICIO 2026-05-25 0245 ===
[2026-05-25 02:45:01] SKIP: fuera de horario (0245)
[2026-05-25 02:50:01] === MONITOR LOCAL INICIO 2026-05-25 0250 ===
[2026-05-25 02:50:01] SKIP: fuera de horario (0250)
[2026-05-25 02:55:01] === MONITOR LOCAL INICIO 2026-05-25 0255 ===
[2026-05-25 02:55:01] SKIP: fuera de horario (0255)
[2026-05-25 03:00:01] === MONITOR LOCAL INICIO 2026-05-25 0300 ===
[2026-05-25 03:00:01] SKIP: fuera de horario (0300)
[2026-05-25 03:05:01] === MONITOR LOCAL INICIO 2026-05-25 0305 ===
[2026-05-25 03:05:01] SKIP: fuera de horario (0305)
[2026-05-25 03:10:01] === MONITOR LOCAL INICIO 2026-05-25 0310 ===
[2026-05-25 03:10:01] SKIP: fuera de horario (0310)
[2026-05-25 03:15:01] === MONITOR LOCAL INICIO 2026-05-25 0315 ===
[2026-05-25 03:15:01] SKIP: fuera de horario (0315)
[2026-05-25 03:20:01] === MONITOR LOCAL INICIO 2026-05-25 0320 ===
[2026-05-25 03:20:01] SKIP: fuera de horario (0320)
[2026-05-25 03:25:01] === MONITOR LOCAL INICIO 2026-05-25 0325 ===
[2026-05-25 03:25:01] SKIP: fuera de horario (0325)
[2026-05-25 03:30:01] === MONITOR LOCAL INICIO 2026-05-25 0330 ===
[2026-05-25 03:30:01] SKIP: fuera de horario (0330)
[2026-05-25 03:35:01] === MONITOR LOCAL INICIO 2026-05-25 0335 ===
[2026-05-25 03:35:01] SKIP: fuera de horario (0335)
[2026-05-25 03:40:01] === MONITOR LOCAL INICIO 2026-05-25 0340 ===
[2026-05-25 03:40:01] SKIP: fuera de horario (0340)
[2026-05-25 03:45:01] === MONITOR LOCAL INICIO 2026-05-25 0345 ===
[2026-05-25 03:45:01] SKIP: fuera de horario (0345)
[2026-05-25 03:50:01] === MONITOR LOCAL INICIO 2026-05-25 0350 ===
[2026-05-25 03:50:01] SKIP: fuera de horario (0350)
[2026-05-25 03:55:01] === MONITOR LOCAL INICIO 2026-05-25 0355 ===
[2026-05-25 03:55:01] SKIP: fuera de horario (0355)
[2026-05-25 04:00:01] === MONITOR LOCAL INICIO 2026-05-25 0400 ===
[2026-05-25 04:00:01] SKIP: fuera de horario (0400)
[2026-05-25 04:05:01] === MONITOR LOCAL INICIO 2026-05-25 0405 ===
[2026-05-25 04:05:01] SKIP: fuera de horario (0405)
[2026-05-25 04:10:02] === MONITOR LOCAL INICIO 2026-05-25 0410 ===
[2026-05-25 04:10:02] SKIP: fuera de horario (0410)
[2026-05-25 04:15:01] === MONITOR LOCAL INICIO 2026-05-25 0415 ===
[2026-05-25 04:15:01] SKIP: fuera de horario (0415)
[2026-05-25 04:20:01] === MONITOR LOCAL INICIO 2026-05-25 0420 ===
[2026-05-25 04:20:01] SKIP: fuera de horario (0420)
[2026-05-25 04:25:01] === MONITOR LOCAL INICIO 2026-05-25 0425 ===
[2026-05-25 04:25:01] SKIP: fuera de horario (0425)
[2026-05-25 04:30:01] === MONITOR LOCAL INICIO 2026-05-25 0430 ===
[2026-05-25 04:30:01] SKIP: fuera de horario (0430)
[2026-05-25 04:35:01] === MONITOR LOCAL INICIO 2026-05-25 0435 ===
[2026-05-25 04:35:01] SKIP: fuera de horario (0435)
[2026-05-25 04:40:01] === MONITOR LOCAL INICIO 2026-05-25 0440 ===
[2026-05-25 04:40:01] SKIP: fuera de horario (0440)
[2026-05-25 04:45:01] === MONITOR LOCAL INICIO 2026-05-25 0445 ===
[2026-05-25 04:45:01] SKIP: fuera de horario (0445)
[2026-05-25 04:50:01] === MONITOR LOCAL INICIO 2026-05-25 0450 ===
[2026-05-25 04:50:01] SKIP: fuera de horario (0450)
[2026-05-25 04:55:01] === MONITOR LOCAL INICIO 2026-05-25 0455 ===
[2026-05-25 04:55:01] SKIP: fuera de horario (0455)
[2026-05-25 05:00:01] === MONITOR LOCAL INICIO 2026-05-25 0500 ===
[2026-05-25 05:00:01] SKIP: fuera de horario (0500)
[2026-05-25 05:05:01] === MONITOR LOCAL INICIO 2026-05-25 0505 ===
[2026-05-25 05:05:01] SKIP: fuera de horario (0505)
[2026-05-25 05:10:01] === MONITOR LOCAL INICIO 2026-05-25 0510 ===
[2026-05-25 05:10:01] SKIP: fuera de horario (0510)
[2026-05-25 05:15:01] === MONITOR LOCAL INICIO 2026-05-25 0515 ===
[2026-05-25 05:15:01] SKIP: fuera de horario (0515)
[2026-05-25 05:20:01] === MONITOR LOCAL INICIO 2026-05-25 0520 ===
[2026-05-25 05:20:01] SKIP: fuera de horario (0520)
[2026-05-25 05:25:01] === MONITOR LOCAL INICIO 2026-05-25 0525 ===
[2026-05-25 05:25:01] SKIP: fuera de horario (0525)
[2026-05-25 05:30:01] === MONITOR LOCAL INICIO 2026-05-25 0530 ===
[2026-05-25 05:30:01] SKIP: fuera de horario (0530)
[2026-05-25 05:35:01] === MONITOR LOCAL INICIO 2026-05-25 0535 ===
[2026-05-25 05:35:01] SKIP: fuera de horario (0535)
[2026-05-25 05:40:01] === MONITOR LOCAL INICIO 2026-05-25 0540 ===
[2026-05-25 05:40:01] SKIP: fuera de horario (0540)
[2026-05-25 05:45:01] === MONITOR LOCAL INICIO 2026-05-25 0545 ===
[2026-05-25 05:45:01] SKIP: fuera de horario (0545)
[2026-05-25 05:50:01] === MONITOR LOCAL INICIO 2026-05-25 0550 ===
[2026-05-25 05:50:01] SKIP: fuera de horario (0550)
[2026-05-25 05:55:01] === MONITOR LOCAL INICIO 2026-05-25 0555 ===
[2026-05-25 05:55:01] SKIP: fuera de horario (0555)
[2026-05-25 06:00:01] === MONITOR LOCAL INICIO 2026-05-25 0600 ===
[2026-05-25 06:00:01] SKIP: fuera de horario (0600)
[2026-05-25 06:05:01] === MONITOR LOCAL INICIO 2026-05-25 0605 ===
[2026-05-25 06:05:01] SKIP: fuera de horario (0605)
[2026-05-25 06:10:01] === MONITOR LOCAL INICIO 2026-05-25 0610 ===
[2026-05-25 06:10:01] SKIP: fuera de horario (0610)
[2026-05-25 06:15:01] === MONITOR LOCAL INICIO 2026-05-25 0615 ===
[2026-05-25 06:15:01] SKIP: fuera de horario (0615)
[2026-05-25 06:20:01] === MONITOR LOCAL INICIO 2026-05-25 0620 ===
[2026-05-25 06:20:01] SKIP: fuera de horario (0620)
[2026-05-25 06:25:01] === MONITOR LOCAL INICIO 2026-05-25 0625 ===
[2026-05-25 06:25:01] SKIP: fuera de horario (0625)
[2026-05-25 06:30:01] === MONITOR LOCAL INICIO 2026-05-25 0630 ===
[2026-05-25 06:30:02] SKIP: fuera de horario (0630)
[2026-05-25 06:35:01] === MONITOR LOCAL INICIO 2026-05-25 0635 ===
[2026-05-25 06:35:01] SKIP: fuera de horario (0635)
[2026-05-25 06:40:01] === MONITOR LOCAL INICIO 2026-05-25 0640 ===
[2026-05-25 06:40:01] SKIP: fuera de horario (0640)
[2026-05-25 06:45:01] === MONITOR LOCAL INICIO 2026-05-25 0645 ===
[2026-05-25 06:45:01] SKIP: fuera de horario (0645)
[2026-05-25 06:50:01] === MONITOR LOCAL INICIO 2026-05-25 0650 ===
[2026-05-25 06:50:01] SKIP: fuera de horario (0650)
[2026-05-25 06:55:01] === MONITOR LOCAL INICIO 2026-05-25 0655 ===
[2026-05-25 06:55:01] SKIP: fuera de horario (0655)
[2026-05-25 07:00:01] === MONITOR LOCAL INICIO 2026-05-25 0700 ===
[2026-05-25 07:00:01] SKIP: fuera de horario (0700)
[2026-05-25 07:05:01] === MONITOR LOCAL INICIO 2026-05-25 0705 ===
[2026-05-25 07:05:01] SKIP: fuera de horario (0705)
[2026-05-25 07:10:01] === MONITOR LOCAL INICIO 2026-05-25 0710 ===
[2026-05-25 07:10:01] SKIP: fuera de horario (0710)
[2026-05-25 07:15:01] === MONITOR LOCAL INICIO 2026-05-25 0715 ===
[2026-05-25 07:15:01] SKIP: fuera de horario (0715)
[2026-05-25 07:20:01] === MONITOR LOCAL INICIO 2026-05-25 0720 ===
[2026-05-25 07:20:01] SKIP: fuera de horario (0720)
[2026-05-25 07:25:01] === MONITOR LOCAL INICIO 2026-05-25 0725 ===
[2026-05-25 07:25:01] SKIP: fuera de horario (0725)
[2026-05-25 07:30:01] === MONITOR LOCAL INICIO 2026-05-25 0730 ===
[2026-05-25 07:30:01] SKIP: fuera de horario (0730)
[2026-05-25 07:35:01] === MONITOR LOCAL INICIO 2026-05-25 0735 ===
[2026-05-25 07:35:01] SKIP: fuera de horario (0735)
[2026-05-25 07:40:01] === MONITOR LOCAL INICIO 2026-05-25 0740 ===
[2026-05-25 07:40:01] SKIP: fuera de horario (0740)
[2026-05-25 07:45:01] === MONITOR LOCAL INICIO 2026-05-25 0745 ===
[2026-05-25 07:45:01] SKIP: fuera de horario (0745)
[2026-05-25 07:50:01] === MONITOR LOCAL INICIO 2026-05-25 0750 ===
[2026-05-25 07:50:01] SKIP: fuera de horario (0750)
[2026-05-25 07:55:01] === MONITOR LOCAL INICIO 2026-05-25 0755 ===
[2026-05-25 07:55:01] SKIP: fuera de horario (0755)
[2026-05-25 08:00:01] === MONITOR LOCAL INICIO 2026-05-25 0800 ===
/mnt/c/dashboard/Github/scripts/monitor_local.sh: line 374: [[: 0800: value too great for base (error token is "0800")
/mnt/c/dashboard/Github/scripts/monitor_local.sh: line 374: [[: 0800: value too great for base (error token is "0800")
[2026-05-25 08:00:02] WATCHDOG: Sin datos en mercado
/mnt/c/dashboard/Github/scripts/monitor_local.sh: line 34: [[: 0800: value too great for base (error token is "0800")
[2026-05-25 08:00:02] === MONITOR LOCAL FIN ===
[2026-05-25 08:05:01] === MONITOR LOCAL INICIO 2026-05-25 0805 ===
/mnt/c/dashboard/Github/scripts/monitor_local.sh: line 374: [[: 0805: value too great for base (error token is "0805")
/mnt/c/dashboard/Github/scripts/monitor_local.sh: line 374: [[: 0805: value too great for base (error token is "0805")
[2026-05-25 08:05:02] WATCHDOG: Sin datos en mercado
/mnt/c/dashboard/Github/scripts/monitor_local.sh: line 34: [[: 0805: value too great for base (error token is "0805")
[2026-05-25 08:05:02] === MONITOR LOCAL FIN ===
[2026-05-25 08:10:01] === MONITOR LOCAL INICIO 2026-05-25 0810 ===
/mnt/c/dashboard/Github/scripts/monitor_local.sh: line 374: [[: 0810: value too great for base (error token is "0810")
/mnt/c/dashboard/Github/scripts/monitor_local.sh: line 374: [[: 0810: value too great for base (error token is "0810")
[2026-05-25 08:10:01] WATCHDOG: Sin datos en mercado
/mnt/c/dashboard/Github/scripts/monitor_local.sh: line 34: [[: 0810: value too great for base (error token is "0810")
[2026-05-25 08:10:01] === MONITOR LOCAL FIN ===
[2026-05-25 08:15:01] === MONITOR LOCAL INICIO 2026-05-25 0815 ===
/mnt/c/dashboard/Github/scripts/monitor_local.sh: line 374: [[: 0815: value too great for base (error token is "0815")
/mnt/c/dashboard/Github/scripts/monitor_local.sh: line 374: [[: 0815: value too great for base (error token is "0815")
[2026-05-25 08:15:02] WATCHDOG: Sin datos en mercado
/mnt/c/dashboard/Github/scripts/monitor_local.sh: line 34: [[: 0815: value too great for base (error token is "0815")
[2026-05-25 08:15:02] === MONITOR LOCAL FIN ===
[2026-05-25 08:20:01] === MONITOR LOCAL INICIO 2026-05-25 0820 ===
/mnt/c/dashboard/Github/scripts/monitor_local.sh: line 374: [[: 0820: value too great for base (error token is "0820")
/mnt/c/dashboard/Github/scripts/monitor_local.sh: line 374: [[: 0820: value too great for base (error token is "0820")
[2026-05-25 08:20:02] WATCHDOG: Sin datos en mercado
/mnt/c/dashboard/Github/scripts/monitor_local.sh: line 34: [[: 0820: value too great for base (error token is "0820")
[2026-05-25 08:20:02] === MONITOR LOCAL FIN ===
[2026-05-25 08:25:01] === MONITOR LOCAL INICIO 2026-05-25 0825 ===
/mnt/c/dashboard/Github/scripts/monitor_local.sh: line 374: [[: 0825: value too great for base (error token is "0825")
/mnt/c/dashboard/Github/scripts/monitor_local.sh: line 374: [[: 0825: value too great for base (error token is "0825")
[2026-05-25 08:25:01] WATCHDOG: Sin datos en mercado
/mnt/c/dashboard/Github/scripts/monitor_local.sh: line 34: [[: 0825: value too great for base (error token is "0825")
[2026-05-25 08:25:01] === MONITOR LOCAL FIN ===
[2026-05-25 08:30:01] === MONITOR LOCAL INICIO 2026-05-25 0830 ===
/mnt/c/dashboard/Github/scripts/monitor_local.sh: line 374: [[: 0830: value too great for base (error token is "0830")
/mnt/c/dashboard/Github/scripts/monitor_local.sh: line 374: [[: 0830: value too great for base (error token is "0830")
[2026-05-25 08:30:01] WATCHDOG: Sin datos en mercado
/mnt/c/dashboard/Github/scripts/monitor_local.sh: line 34: [[: 0830: value too great for base (error token is "0830")
[2026-05-25 08:30:01] === MONITOR LOCAL FIN ===
[2026-05-25 08:35:01] === MONITOR LOCAL INICIO 2026-05-25 0835 ===
/mnt/c/dashboard/Github/scripts/monitor_local.sh: line 374: [[: 0835: value too great for base (error token is "0835")
/mnt/c/dashboard/Github/scripts/monitor_local.sh: line 374: [[: 0835: value too great for base (error token is "0835")
[2026-05-25 08:35:02] WATCHDOG: Sin datos en mercado
/mnt/c/dashboard/Github/scripts/monitor_local.sh: line 34: [[: 0835: value too great for base (error token is "0835")
[2026-05-25 08:35:02] === MONITOR LOCAL FIN ===
[2026-05-25 08:40:01] === MONITOR LOCAL INICIO 2026-05-25 0840 ===
/mnt/c/dashboard/Github/scripts/monitor_local.sh: line 374: [[: 0840: value too great for base (error token is "0840")
/mnt/c/dashboard/Github/scripts/monitor_local.sh: line 374: [[: 0840: value too great for base (error token is "0840")
[2026-05-25 08:40:02] WATCHDOG: Sin datos en mercado
/mnt/c/dashboard/Github/scripts/monitor_local.sh: line 34: [[: 0840: value too great for base (error token is "0840")
[2026-05-25 08:40:02] === MONITOR LOCAL FIN ===
[2026-05-25 08:45:01] === MONITOR LOCAL INICIO 2026-05-25 0845 ===
/mnt/c/dashboard/Github/scripts/monitor_local.sh: line 374: [[: 0845: value too great for base (error token is "0845")
/mnt/c/dashboard/Github/scripts/monitor_local.sh: line 374: [[: 0845: value too great for base (error token is "0845")
[2026-05-25 08:45:02] WATCHDOG: Sin datos en mercado
/mnt/c/dashboard/Github/scripts/monitor_local.sh: line 34: [[: 0845: value too great for base (error token is "0845")
[2026-05-25 08:45:02] === MONITOR LOCAL FIN ===
[2026-05-25 08:50:01] === MONITOR LOCAL INICIO 2026-05-25 0850 ===
/mnt/c/dashboard/Github/scripts/monitor_local.sh: line 374: [[: 0850: value too great for base (error token is "0850")
/mnt/c/dashboard/Github/scripts/monitor_local.sh: line 374: [[: 0850: value too great for base (error token is "0850")
[2026-05-25 08:50:01] WATCHDOG: Sin datos en mercado
/mnt/c/dashboard/Github/scripts/monitor_local.sh: line 34: [[: 0850: value too great for base (error token is "0850")
[2026-05-25 08:50:01] === MONITOR LOCAL FIN ===
[2026-05-25 08:55:01] === MONITOR LOCAL INICIO 2026-05-25 0855 ===
/mnt/c/dashboard/Github/scripts/monitor_local.sh: line 374: [[: 0855: value too great for base (error token is "0855")
/mnt/c/dashboard/Github/scripts/monitor_local.sh: line 374: [[: 0855: value too great for base (error token is "0855")
[2026-05-25 08:55:01] WATCHDOG: Sin datos en mercado
/mnt/c/dashboard/Github/scripts/monitor_local.sh: line 34: [[: 0855: value too great for base (error token is "0855")
[2026-05-25 08:55:01] === MONITOR LOCAL FIN ===
[2026-05-25 09:00:02] === MONITOR LOCAL INICIO 2026-05-25 0900 ===
/mnt/c/dashboard/Github/scripts/monitor_local.sh: line 374: [[: 0900: value too great for base (error token is "0900")
/mnt/c/dashboard/Github/scripts/monitor_local.sh: line 374: [[: 0900: value too great for base (error token is "0900")
[2026-05-25 09:00:02] WATCHDOG: Sin datos en mercado
/mnt/c/dashboard/Github/scripts/monitor_local.sh: line 34: [[: 0900: value too great for base (error token is "0900")
[2026-05-25 09:00:02] === MONITOR LOCAL FIN ===
[2026-05-25 09:05:01] === MONITOR LOCAL INICIO 2026-05-25 0905 ===
/mnt/c/dashboard/Github/scripts/monitor_local.sh: line 374: [[: 0905: value too great for base (error token is "0905")
/mnt/c/dashboard/Github/scripts/monitor_local.sh: line 374: [[: 0905: value too great for base (error token is "0905")
[2026-05-25 09:05:04] WATCHDOG: Sin datos en mercado
/mnt/c/dashboard/Github/scripts/monitor_local.sh: line 34: [[: 0905: value too great for base (error token is "0905")
[2026-05-25 09:05:04] === MONITOR LOCAL FIN ===
[2026-05-25 09:10:01] === MONITOR LOCAL INICIO 2026-05-25 0910 ===
/mnt/c/dashboard/Github/scripts/monitor_local.sh: line 374: [[: 0910: value too great for base (error token is "0910")
/mnt/c/dashboard/Github/scripts/monitor_local.sh: line 374: [[: 0910: value too great for base (error token is "0910")
[2026-05-25 09:10:02] WATCHDOG: Sin datos en mercado
/mnt/c/dashboard/Github/scripts/monitor_local.sh: line 34: [[: 0910: value too great for base (error token is "0910")
[2026-05-25 09:10:02] === MONITOR LOCAL FIN ===
[2026-05-25 09:15:01] === MONITOR LOCAL INICIO 2026-05-25 0915 ===
/mnt/c/dashboard/Github/scripts/monitor_local.sh: line 374: [[: 0915: value too great for base (error token is "0915")
/mnt/c/dashboard/Github/scripts/monitor_local.sh: line 374: [[: 0915: value too great for base (error token is "0915")
[2026-05-25 09:15:01] WATCHDOG: Sin datos en mercado
/mnt/c/dashboard/Github/scripts/monitor_local.sh: line 34: [[: 0915: value too great for base (error token is "0915")
[2026-05-25 09:15:01] === MONITOR LOCAL FIN ===
[2026-05-25 09:20:01] === MONITOR LOCAL INICIO 2026-05-25 0920 ===
/mnt/c/dashboard/Github/scripts/monitor_local.sh: line 374: [[: 0920: value too great for base (error token is "0920")
/mnt/c/dashboard/Github/scripts/monitor_local.sh: line 374: [[: 0920: value too great for base (error token is "0920")
[2026-05-25 09:20:02] WATCHDOG: Sin datos en mercado
/mnt/c/dashboard/Github/scripts/monitor_local.sh: line 34: [[: 0920: value too great for base (error token is "0920")
[2026-05-25 09:20:02] === MONITOR LOCAL FIN ===
[2026-05-25 09:25:01] === MONITOR LOCAL INICIO 2026-05-25 0925 ===
/mnt/c/dashboard/Github/scripts/monitor_local.sh: line 374: [[: 0925: value too great for base (error token is "0925")
/mnt/c/dashboard/Github/scripts/monitor_local.sh: line 374: [[: 0925: value too great for base (error token is "0925")
[2026-05-25 09:25:01] WATCHDOG: Sin datos en mercado
/mnt/c/dashboard/Github/scripts/monitor_local.sh: line 34: [[: 0925: value too great for base (error token is "0925")
[2026-05-25 09:25:01] === MONITOR LOCAL FIN ===
[2026-05-25 09:30:01] === MONITOR LOCAL INICIO 2026-05-25 0930 ===
/mnt/c/dashboard/Github/scripts/monitor_local.sh: line 374: [[: 0930: value too great for base (error token is "0930")
/mnt/c/dashboard/Github/scripts/monitor_local.sh: line 374: [[: 0930: value too great for base (error token is "0930")
[2026-05-25 09:30:02] WATCHDOG: Sin datos en mercado
/mnt/c/dashboard/Github/scripts/monitor_local.sh: line 34: [[: 0930: value too great for base (error token is "0930")
[2026-05-25 09:30:02] === MONITOR LOCAL FIN ===
[2026-05-25 09:35:01] === MONITOR LOCAL INICIO 2026-05-25 0935 ===
/mnt/c/dashboard/Github/scripts/monitor_local.sh: line 374: [[: 0935: value too great for base (error token is "0935")
/mnt/c/dashboard/Github/scripts/monitor_local.sh: line 374: [[: 0935: value too great for base (error token is "0935")
[2026-05-25 09:35:01] WATCHDOG: Sin datos en mercado
/mnt/c/dashboard/Github/scripts/monitor_local.sh: line 34: [[: 0935: value too great for base (error token is "0935")
[2026-05-25 09:35:01] === MONITOR LOCAL FIN ===
[2026-05-25 09:40:01] === MONITOR LOCAL INICIO 2026-05-25 0940 ===
/mnt/c/dashboard/Github/scripts/monitor_local.sh: line 374: [[: 0940: value too great for base (error token is "0940")
/mnt/c/dashboard/Github/scripts/monitor_local.sh: line 374: [[: 0940: value too great for base (error token is "0940")
[2026-05-25 09:40:01] WATCHDOG: Sin datos en mercado
/mnt/c/dashboard/Github/scripts/monitor_local.sh: line 34: [[: 0940: value too great for base (error token is "0940")
[2026-05-25 09:40:01] === MONITOR LOCAL FIN ===
[2026-05-25 09:45:02] === MONITOR LOCAL INICIO 2026-05-25 0945 ===
/mnt/c/dashboard/Github/scripts/monitor_local.sh: line 374: [[: 0945: value too great for base (error token is "0945")
/mnt/c/dashboard/Github/scripts/monitor_local.sh: line 374: [[: 0945: value too great for base (error token is "0945")
[2026-05-25 09:45:02] WATCHDOG: Sin datos en mercado
/mnt/c/dashboard/Github/scripts/monitor_local.sh: line 34: [[: 0945: value too great for base (error token is "0945")
[2026-05-25 09:45:02] === MONITOR LOCAL FIN ===
[2026-05-25 09:50:01] === MONITOR LOCAL INICIO 2026-05-25 0950 ===
/mnt/c/dashboard/Github/scripts/monitor_local.sh: line 374: [[: 0950: value too great for base (error token is "0950")
/mnt/c/dashboard/Github/scripts/monitor_local.sh: line 374: [[: 0950: value too great for base (error token is "0950")
[2026-05-25 09:50:02] WATCHDOG: Sin datos en mercado
/mnt/c/dashboard/Github/scripts/monitor_local.sh: line 34: [[: 0950: value too great for base (error token is "0950")
[2026-05-25 09:50:02] === MONITOR LOCAL FIN ===
[2026-05-25 09:55:01] === MONITOR LOCAL INICIO 2026-05-25 0955 ===
/mnt/c/dashboard/Github/scripts/monitor_local.sh: line 374: [[: 0955: value too great for base (error token is "0955")
/mnt/c/dashboard/Github/scripts/monitor_local.sh: line 374: [[: 0955: value too great for base (error token is "0955")
[2026-05-25 09:55:01] WATCHDOG: Sin datos en mercado
/mnt/c/dashboard/Github/scripts/monitor_local.sh: line 34: [[: 0955: value too great for base (error token is "0955")
[2026-05-25 09:55:01] === MONITOR LOCAL FIN ===
[2026-05-25 10:00:01] === MONITOR LOCAL INICIO 2026-05-25 1000 ===
[2026-05-25 10:00:01] SKIP: fuera de horario (1000)
[2026-05-25 10:05:01] === MONITOR LOCAL INICIO 2026-05-25 1005 ===
[2026-05-25 10:05:01] SKIP: fuera de horario (1005)
[2026-05-25 10:10:01] === MONITOR LOCAL INICIO 2026-05-25 1010 ===
[2026-05-25 10:10:01] SKIP: fuera de horario (1010)
[2026-05-25 10:15:01] === MONITOR LOCAL INICIO 2026-05-25 1015 ===
[2026-05-25 10:15:01] SKIP: fuera de horario (1015)
[2026-05-25 10:20:01] === MONITOR LOCAL INICIO 2026-05-25 1020 ===
[2026-05-25 10:20:01] SKIP: fuera de horario (1020)
[2026-05-25 10:25:01] === MONITOR LOCAL INICIO 2026-05-25 1025 ===
[2026-05-25 10:25:01] SKIP: fuera de horario (1025)
[2026-05-25 10:30:01] === MONITOR LOCAL INICIO 2026-05-25 1030 ===
[2026-05-25 10:30:01] SKIP: fuera de horario (1030)
[2026-05-25 10:35:01] === MONITOR LOCAL INICIO 2026-05-25 1035 ===
[2026-05-25 10:35:01] SKIP: fuera de horario (1035)
[2026-05-25 10:40:01] === MONITOR LOCAL INICIO 2026-05-25 1040 ===
[2026-05-25 10:40:02] WATCHDOG: Sin datos en mercado
[2026-05-25 10:40:02] === MONITOR LOCAL FIN ===
